title;link;published;language;redirect;redirectLink;articleImage;articleBody
From Water To Apples: NewJeans Spills On What They Really Eat ... - Koreaboo;https://news.google.com/rss/articles/CBMiTGh0dHBzOi8vd3d3LmtvcmVhYm9vLmNvbS9zdG9yaWVzL3dhdGVyLWFwcGxlcy1uZXdqZWFucy1zcGlsbHMtZWF0LWJyZWFrZmFzdC_SAQA?oc=5;2023-07-26 09:06:50;1;True;https://www.koreaboo.com/stories/water-apples-newjeans-spills-eat-breakfast/;;Ever wondered what K-Pop girl group NewJeans eats for breakfast? When it comes to starting their day on the right foot, the members prioritize fresh and nutritious food! They talked all about it in a recent interview where they also reflected on their first year since debut. Without further ado, check out what each member enjoys eating below. | @NewJeans_ADOR/Twitter For Danielle , mornings begin with a quick juice blend. She mixes together various fruits like apples, oranges, and blueberries with coconut water. Not only does it sound positively refreshing, it also seems delicious! What did you eat this morning? I made juice this morning and drank that. I blended up apple, orange blueberry, and coconut water and drank that It was so good I had apples this morning. It’s seriously good. — Danielle Your browser does not support video. Members Haerin and Haein keep things simple and have apples for breakfast. The latter couldn’t finish the one she started eating a few days ago, so she made sure to consume it right away. Haerin: I love eating apples in the mornings these days so I’ve been eating apples every day. Haein: A few days ago, I couldn’t finish my apple so I left it in the fridge and I thought I should eat it quickly so I had it this morning. Your browser does not support video. Like the two, Hanni also loves apples. Unfortunately, during the day of the interview, she only had time to drink a glass of water. “ I just had water. I normally eat apples. Bunnies would know. I love apples, ” she explained. Your browser does not support video. Finally, the only odd one out was Minji , and it’s because she had eggs for her meal. She said, “ I had eggs this morning. ” It’s a great source of protein to fill her stomach! Your browser does not support video. Meanwhile, watch the full interview below. NewJeans Netizens Call Out Viral Community Post Claiming NewJeans’ Hanni Looks “Too Southeast Asian” NewJeans Officially Drops “ASAP” Music Video NewJeans’ “ETA” Music Video Finally Explained — Director Points Out Two Key Scenes “NewJeans Members Are Raised With Love”: ADOR’s CEO Min Hee Jin Is Praised For The Way She Directs NewJeans See more NewJeans Share This Post Facebook Twitter Next Page
Listen to NewJeans' heartwarming cover of IU's 'Celebrity' - NME;https://news.google.com/rss/articles/CBMiW2h0dHBzOi8vd3d3Lm5tZS5jb20vbmV3cy9tdXNpYy9uZXdqZWFucy1pdS1wYWxldHRlLWNlbGVicml0eS1odXJ0LWNvdmVyLXBlcmZvcm1hbmNlLTM0NzM1NjbSAQA?oc=5;2023-07-26 08:57:32;1;True;https://www.nme.com/news/music/newjeans-iu-palette-celebrity-hurt-cover-performance-3473566;;
BTS·뉴진스, 페이커 팬도 털렸다···부정결제 피해 확산 '일파만파'[머니 ... - 헤럴드경제;https://news.google.com/rss/articles/CBMiNWh0dHA6Ly9uZXdzLmhlcmFsZGNvcnAuY29tL3ZpZXcucGhwP3VkPTIwMjMwNzI2MDAwNzA50gEA?oc=5;2023-07-26 08:20:29;0;True;http://news.heraldcorp.com/view.php?ud=20230726000709;;
네이버 나우(NOW) 경쟁력 키우기 포기 못 해, 최수연 K팝 인기 적극 활용 - 비즈니스포스트;https://news.google.com/rss/articles/CBMiQWh0dHBzOi8vd3d3LmJ1c2luZXNzcG9zdC5jby5rci9CUD9jb21tYW5kPWFydGljbGVfdmlldyZudW09MzIyNDQ30gEA?oc=5;2023-07-26 07:53:04;0;True;https://www.businesspost.co.kr/BP?command=article_view&num=322447;https://www.businesspost.co.kr/news/photo/202301/20230105182650_117756.jpg;"[비즈니스포스트] 네이버가 동영상플랫폼 나우(NOW)의 경쟁력 강화에 시동을 걸었다. 숏폼 도입에 이어 나우에 K팝 방송까지 출시하는 등 최수연 네이버 대표이사의 젊은 이용자 공략이 눈에 띈다. ▲ 최수연 네이버 대표이사. 25일 네이버에 따르면 8월 한 달 동안 뉴진스 특집으로 노래 무대와 예능 콘텐츠를 제작해 나우에 공개한다. 뉴진스 콘텐츠는 네이버가 계열사인 플레이리스트와 손잡고 자체 제작하는 K팝 차트쇼 '엔팝(NPOP)'의 프리뷰로 선보이게 되며 나우 모바일 앱과 웹버전에서 볼 수 있다. 네이버는 국내의 기존 음악프로그램이 주간차트만 발표하는 것과 차별되도록 월간 음원차트를 집계하는 엔팝을 기획했다고 설명했다. 아이돌그룹의 무대 퍼포먼스뿐만 아니라 팬들과 소통하면서 각종 미션을 수행하는 예능프로그램도 제작하기로 했다. 네이버는 매주 음악방송 콘텐츠를 방송하기 위해 연예기획사들과 파트너십도 맺어나가고 있다. 네이버가 엔팝을 출시하는 것은 K팝 인기를 활용해 젊은 이용자들을 공략함으로써 동영상플랫폼 나우의 경쟁력을 높이려는 것으로 보인다. 나우는 2019년 라이브오디오스트리밍을 제공하는 서비스로 시작됐다. 이와 별도로 네이버는 2012년부터 네이버TV라는 동영상스트리밍플랫폼도 운영해왔다. 네이버TV는 유튜브, 아프리카TV, 넷플릭스, 디즈니플러스, 티빙 등 여러 온라인동영상스트리밍서비스(OTT) 사업자에 밀려 경쟁력을 잃었다는 평가를 받았다. 최수연 대표는 취임한 직후인 작년 3월 말 네이버TV와 나우의 모바일버전을 통합한 애플리케이션을 선보였다. 모바일에서는 나우로 통합함으로써 이용자들이 한 곳에 모이도록 한 것이다. 그럼에도 네이버TV의 이용자는 계속해서 줄어들었다. 올해 5월 기준 네이버TV의 월간활성이용자(MAU)는 59만 명으로 작년 3월의 119만 명의 절반으로 감소했다. 네이버는 현재 네이버TV의 웹서비스는 별도로 유지하고 있지만 이마저도 3분기에는 나우에 통합하기로 했다. 네이버는 네이버TV를 흡수하는 나우에 오리지널 콘텐츠인 엔팝까지 선보이며 이용자 늘리기에 집중한다. 특히 통합 플랫폼으로 거듭나는 나우가 처음 선보이는 콘텐츠가 K팝 차트쇼인 것은 네이버가 특히 젊은 이용자들을 노렸다는 뜻으로 풀이된다. ▲ 네이버의 월간 K팝 차트쇼 프리뷰에 출연하는 뉴진스. <어도어> 최수연 대표의 MZ세대에 대한 관심은 최근 숏폼 플랫폼인 ‘클립’ 출시를 선언한 것에서도 알 수 있다. 숏폼은 짧은 영상을 일컫는 용어로 요즘 젊은 이용자들 사이에 큰 인기를 끌고 있는 콘텐츠다. 네이버는 하반기 출시를 목표로 클립에 대한 사내 테스트를 진행 중이다. 최 대표는 엔팝 출시를 발표하는 자료에서 ""네이버플랫폼을 통해 아티스트와 이용자가 실시간으로 소통하고 콘텐츠를 함께 만들어가는 차별화된 음악 방송을 경험할 수 있을 것으로 기대한다""며 ""론칭 이후에도 이용자들의 반응을 꾸준히 수렴해 다양한 NPOP 콘텐츠를 기획ㆍ제작하고 네이버에서 한층 풍성한 볼거리를 만날 수 있도록 지원할 예정이다""고 말했다. 업계에서는 네이버가 영화 서비스를 담당하는 시리즈온까지 나우에 통합할 수 있다는 관측도 내놓는다. 네이버도 동영상 콘텐츠 사이 시너지를 강화하기 위한 방향으로 논의가 진행 중임을 밝혀 나우의 시리즈온 통합도 조만간 추진될 것으로 전망된다. 이같은 네이버의 행보는 최근 동영상 서비스에서 한 발 물러서는 모양새를 취하고 있는 카카오와는 상반된다. 카카오는 2015년 카카오TV를 출시한 뒤 2021년에는 이를 카카오톡 세번째 탭에 추가했다. 콘텐츠 다양화를 위해 카카오엔터테인먼트로부터 오리지널 콘텐츠도 공급받도록 했다. 하지만 카카오 역시 여러 OTT 업체들에 밀려 카카오TV 경쟁력이 하락하자 카카오엔터테인먼트 오리지널 콘텐츠 제작을 중단하고 카카오TV는 카카오톡 탭에서 없앴다. 네이버는 동영상 콘텐츠에 대한 젊은층의 관심이 높은 만큼 포기하지 않고 서비스 통합과 개편을 통해 경쟁력 강화에 나선 것으로 보인다. 네이버 관계자는 ""엔팝은 다른 음악방송과 달리 무대영상뿐만 아니라 리얼리티 영상도 동시에 제공하는 만큼 콘텐츠와 형식에서 다양성을 갖춰 이용자들에게 다채로운 볼거리로 다가가려고 한다""고 말했다. 임민규 기자"
뉴진스 토끼를 만나보세요…뉴진스X스포티파이, ‘버니랜드’ 캠페인 - 동아일보;https://news.google.com/rss/articles/CBMiQ2h0dHBzOi8vd3d3LmRvbmdhLmNvbS9uZXdzL0N1bHR1cmUvYXJ0aWNsZS9hbGwvMjAyMzA3MjYvMTIwNDI1Mjg3LzHSATdodHRwczovL3d3dy5kb25nYS5jb20vbmV3cy9hbXAvYWxsLzIwMjMwNzI2LzEyMDQyNTI4Ny8x?oc=5;2023-07-26 07:48:00;0;True;https://www.donga.com/news/Culture/article/all/20230726/120425287/1;;
뉴진스, 미니 2집 ‘ASAP’ 뮤직비디오 공개 - 뉴스브라이트;https://news.google.com/rss/articles/CBMiPGh0dHBzOi8vd3d3Lm5ld3Nicml0ZS5uZXQvbmV3cy9hcnRpY2xlVmlldy5odG1sP2lkeG5vPTE3NDcwNtIBPmh0dHA6Ly93d3cubmV3c2JyaXRlLm5ldC9uZXdzL2FydGljbGVWaWV3QW1wLmh0bWw_aWR4bm89MTc0NzA2?oc=5;2023-07-26 07:23:07;0;True;https://www.newsbrite.net/news/articleView.html?idxno=174706;;
Korean Influencer Who Became A Star Only After Leaving South Korea - Koreaboo;https://news.google.com/rss/articles/CBMiWWh0dHBzOi8vd3d3LmtvcmVhYm9vLmNvbS9zdG9yaWVzL2tvcmVhbi1pbmZsdWVuY2VyLWJlY2FtZS1zdGFyLWFmdGVyLWxlYXZpbmctc291dGgta29yZWEv0gEA?oc=5;2023-07-26 07:05:11;1;True;https://www.koreaboo.com/stories/korean-influencer-became-star-after-leaving-south-korea/;;
"Netizens Call Out Viral Community Post Claiming NewJeans' Hanni Looks ""Too Southeast Asian"" - Koreaboo";https://news.google.com/rss/articles/CBMic2h0dHBzOi8vd3d3LmtvcmVhYm9vLmNvbS9uZXdzL25ldGl6ZW5zLWNhbGwtdmlyYWwtY29tbXVuaXR5LXBvc3QtY2xhaW1pbmctbmV3amVhbnMtaGFubmktbG9va3MtdG9vLXNvdXRoZWFzdC1hc2lhbi_SAQA?oc=5;2023-07-26 06:58:04;1;True;https://www.koreaboo.com/news/netizens-call-viral-community-post-claiming-newjeans-hanni-looks-too-southeast-asian/;;
NewJeans unveil ethereal 'ASAP' music video - NME;https://news.google.com/rss/articles/CBMiT2h0dHBzOi8vd3d3Lm5tZS5jb20vbmV3cy9tdXNpYy9uZXdqZWFucy1nZXQtdXAtYXNhcC1tdXNpYy12aWRlby1yZWxlYXNlLTM0NzM1MjDSAQA?oc=5;2023-07-26 06:32:15;1;True;https://www.nme.com/news/music/newjeans-get-up-asap-music-video-release-3473520;;
뉴진스 신곡 'ETA' 뮤직비디오의 비밀은? - 충청신문;https://news.google.com/rss/articles/CBMiOmh0dHBzOi8vd3d3LmRhaWx5Y2MubmV0L25ld3MvYXJ0aWNsZVZpZXcuaHRtbD9pZHhubz03NTA5OTfSAT1odHRwczovL3d3dy5kYWlseWNjLm5ldC9uZXdzL2FydGljbGVWaWV3QW1wLmh0bWw_aWR4bm89NzUwOTk3?oc=5;2023-07-26 05:54:24;0;True;https://www.dailycc.net/news/articleView.html?idxno=750997;;
"NewJeans Officially Drops ""ASAP"" Music Video - Koreaboo";https://news.google.com/rss/articles/CBMiSWh0dHBzOi8vd3d3LmtvcmVhYm9vLmNvbS9uZXdzL25ld2plYW5zLW9mZmljaWFsbHktZHJvcHMtYXNhcC1tdXNpYy12aWRlby_SAQA?oc=5;2023-07-26 03:22:37;1;True;https://www.koreaboo.com/news/newjeans-officially-drops-asap-music-video/;;
뉴진스 'ASAP', 금발이 너무해…미니 2집 '빌보드 200' 1위 유력 - 뉴시스;https://news.google.com/rss/articles/CBMiQWh0dHBzOi8vbW9iaWxlLm5ld3Npcy5jb20vdmlldy5odG1sP2FyX2lkPU5JU1gyMDIzMDcyNl8wMDAyMzkxMDYz0gEA?oc=5;2023-07-26 02:54:16;0;True;https://mobile.newsis.com/view.html?ar_id=NISX20230726_0002391063;//image.newsis.com/2023/07/26/NISI20230726_0001325274_web.jpg?rnd=20230726114612;"[서울=뉴시스] 뉴진스 'ASAP' 뮤직비디오. 2023.07.26. (사진 = 어도어 제공) photo@newsis.com *재판매 및 DB 금지 [서울=뉴시스]이재훈 기자 = 신드롬 걸그룹 '뉴진스(NewJeans)'가 미니 2집 '겟 업(Get Up)' 수록곡 'ASAP' 뮤직비디오를 26일 0시 하이브 레이블즈 유튜브 채널에 공개했다. 뉴진스 다섯 멤버들은 이번 'ASAP' 뮤직비디오에서 '금발 요정'으로 변신했다. 신스 사운드와 멤버들의 나른한 음색이 주는 몽환적인 곡 분위기와 조화를 이룬다. 소속사 어도어는 ""이들은 미스테리한 공간에서 가만히 누워있거나 때로는 함께 춤추고 뛰어다니며 독특한 분위기를 연출했다. 귀여운 일러스트와 애니메이션 효과를 사용해 노래의 메시지를 재미있게 전달하는 한편, 시각적으로 보는 즐거움을 더했다""고 소개했다. 이로써 뉴진스는 이번 미니 2집에 담긴 6곡의 뮤직비디오를 모두 선보였다. 어도어와 제작자인 민희진 총괄 프로듀서는 이번 뉴진스 '겟 업' 수록곡 뮤직비디오들도 역량을 다시 확인받고 있다. 애플('ETA'), 파워퍼프 걸('뉴 진스(New Jeans)') 등 글로벌 브랜드와 협업을 비롯해 량차오웨이(양조위), 정호연 배우의 출연('쿨 위드 유(Cool With You)') 등이 화제가 됐다. 뮤직비디오 연출 방식도 다양했다. 배우들이 출연한 드라마타이즈 형식('쿨 위드 유' & '겟 업')부터 애니메이션('뉴 진스'), 일러스트('ASAP')를 활용한 방식, 플래시몹 퍼포먼스에 집중한 뮤직비디오('슈퍼 샤이')까지 각양각색의 뮤직비디오는 공개 직후 트위터 실시간 트렌드 진입 및 유튜브 트렌딩 월드와이드 1위를 찍었다. '좋은 음악'이라는 본질적 요소로 뮤직비디오와 퍼포먼스 완성도까지 높였다는 평을 받는 뉴진스 '겟업'은 미국 8월5일 자 미국 빌보드 메인 앨범차트 '빌보드 200'에서 1위를 차지할 것으로 예상된다. 만약 '빌보드 200' 정상에 오르게 되면 K팝 걸그룹 중에선 '블랙핑크' 이후 두 번째다. 25일 빌보드가 발표한 최신 차트(7월 29일 자)에 따르면, 뉴진스 '겟 업' 트리플 타이틀곡 중 하나인 '슈퍼 샤이'는 메인 싱글차트 '핫 100'에서 64위를 차지했다. 전주 대비 2계단 상승한 자체 최고 순위다. ◎공감언론 뉴시스 realpaper7@newsis.com"
[공식] 뉴진스, 'ASAP' MV 공개…금발 요정 비주얼 - 조선일보;https://news.google.com/rss/articles/CBMiWmh0dHBzOi8vd3d3LmNob3N1bi5jb20vZW50ZXJ0YWlubWVudHMvZW50ZXJfZ2VuZXJhbC8yMDIzLzA3LzI2L0dVNk1CSUtJUVNNSUVaSjdKVU02RUMzRVBFL9IBaWh0dHBzOi8vd3d3LmNob3N1bi5jb20vZW50ZXJ0YWlubWVudHMvZW50ZXJfZ2VuZXJhbC8yMDIzLzA3LzI2L0dVNk1CSUtJUVNNSUVaSjdKVU02RUMzRVBFLz9vdXRwdXRUeXBlPWFtcA?oc=5;2023-07-26 02:24:00;0;True;https://www.chosun.com/entertainments/enter_general/2023/07/26/GU6MBIKIQSMIEZJ7JUM6EC3EPE/;;
뉴진스, 제니, 조이의 발레코어룩은? #B_STAR일링 - 하퍼스바자;https://news.google.com/rss/articles/CBMiLWh0dHBzOi8vd3d3LmhhcnBlcnNiYXphYXIuY28ua3IvYXJ0aWNsZS83OTQ0M9IBAA?oc=5;2023-07-26 02:08:54;0;True;https://www.harpersbazaar.co.kr/article/79443;;
뉴진스 '슈퍼 샤이' 빌보드 싱글 64위…두 계단 상승 - KBS뉴스;https://news.google.com/rss/articles/CBMiL2h0dHBzOi8vbmV3cy5rYnMuY28ua3IvbmV3cy92aWV3LmRvP25jZD03NzMzMDA30gEA?oc=5;2023-07-26 00:33:00;0;True;https://news.kbs.co.kr/news/view.do?ncd=7733007;/resources/images/common/noimg_633_355.png;뉴진스 ‘슈퍼 샤이’ 빌보드 싱글 64위…두 계단 상승 입력 2023.07.26 (09:33) 수정 2023.07.26 (09:34) 연합뉴스 댓글 좋아요 공유하기 인쇄하기 글씨 크게보기 가 글씨 작게보기 고화질 표준화질 자동재생 키보드 컨트롤 안내 동영상영역 시작 동영상 시작 동영상영역 끝 동영상설명 동영상 고정 취소 그룹 뉴진스의 미니 2집 타이틀곡 '슈퍼 샤이'(Super Shy)가 빌보드 메인 싱글 차트에 2주째 진입하며 상승세를 보였다. 25일(현지시간) 공개된 빌보드 최신 차트에 따르면 뉴진스의 '슈퍼 샤이'는 메인 싱글 차트 '핫100'에서 지난주보다 두 계단 상승한 64위를 기록했다. '슈퍼 샤이'는 지난주 그룹 자체 최고 순위인 66위로 이 차트에 진입한 데 이어 다시 한번 기록을 경신했다. 이 곡은 '글로벌 200' 차트에서는 5위에 올랐다. 미니 2집 수록곡 '뉴진스'(NewJeans)는 이 차트 47위에 자리했다. 뉴진스는 '글로벌 200' 차트에서 전작인 'OMG'(90위)와 지난해 발매한 '디토'(110위), '하이프 보이'(172위)로도 20주 넘게 이름을 올리며 장기 흥행을 이어가고 있다. 최근 저작권과 전속 계약 분쟁으로 내홍을 겪고 있는 그룹 피프티 피프티의 히트곡 '큐피드'(Cupid)는 '핫100'에 24위로 18주 연속 진입했으며 '글로벌 200'에서는 12위에 올랐다. 그룹 방탄소년단(BTS)의 RM이 지난해 발매한 솔로 음반 '인디고'(Indigo)는 최근 LP 버전 발매에 힘입어 메인 음반 차트 '빌보드 200'에 53위로 재진입했다. 솔로 싱글 '세븐'(Seven)으로 '핫100' 정상에 오른 정국은 지난해 만든 자작곡 '스틸 위드 유'(Still with You)로도 '글로벌 200'에 98위로 이름을 올렸다. 방탄소년단의 데뷔 10주년 기념 단체곡 '테이크 투'(Take Two)는 이 차트에 117위로 6주 연속 진입했으며 멤버 지민의 솔로곡 '라이크 크레이지'(Like Crazy)는 29위로 17주째 이름을 올렸다. 지민이 래퍼 코닥 블랙 등과 협업한 영화 '분노의 질주' OST '앤젤 파트1'은 148위를 기록했다. 스트레이 키즈, 엔하이픈 등 보이 그룹들도 선전을 이어갔다. 정규 3집 '★★★★★'(5-Star)로 '빌보드 200'에 1위로 진입한 스트레이 키즈는 이번 주 26위로 7주 연속 진입에 성공했으며 엔하이픈 '다크블러드'(130위), 에이티즈 '더 월드 EP2:아웃러'(171위)도 5주 이상 이 차트에 머물렀다. '글로벌 200' 차트에서는 엑소가 신곡 '크림 소다'로 86위를 기록했으며 신예 그룹 제로베이스원은 데뷔곡 '인 블룸'으로 182위로 차트에 처음 진입했다. 세븐틴의 미니 10집 'FML' 타이틀곡 '손오공'은 195위로 이 차트에 재진입했다. 르세라핌, 에스파, 아이브 등 걸그룹의 장기 흥행도 이어졌다. 에스파의 미니 3집 '마이 월드'는 '빌보드 200'에 110위로 3주 연속 이름을 올렸으며 르세라핌은 정규 1집 타이틀곡 '언포기븐'과 후속곡 '이브, 프시케 그리고 푸른 수염의 아내'로 '글로벌 200'에서 각각 143위와 69위를 기록했다. 이 외에도 (여자)아이들 '퀸카'(58위), 아이브 '아이엠'(93위), 지수 '꽃'(179위)이 이 차트에 10주 이상 머무르며 장기 흥행 중이다. [사진 출처 : 연합뉴스] 뉴진스 ‘슈퍼 샤이’ 빌보드 싱글 64위…두 계단 상승 입력 2023-07-26 09:33:20 수정 2023-07-26 09:34:02 연합뉴스 그룹 뉴진스의 미니 2집 타이틀곡 '슈퍼 샤이'(Super Shy)가 빌보드 메인 싱글 차트에 2주째 진입하며 상승세를 보였다. 25일(현지시간) 공개된 빌보드 최신 차트에 따르면 뉴진스의 '슈퍼 샤이'는 메인 싱글 차트 '핫100'에서 지난주보다 두 계단 상승한 64위를 기록했다. '슈퍼 샤이'는 지난주 그룹 자체 최고 순위인 66위로 이 차트에 진입한 데 이어 다시 한번 기록을 경신했다. 이 곡은 '글로벌 200' 차트에서는 5위에 올랐다. 미니 2집 수록곡 '뉴진스'(NewJeans)는 이 차트 47위에 자리했다. 뉴진스는 '글로벌 200' 차트에서 전작인 'OMG'(90위)와 지난해 발매한 '디토'(110위), '하이프 보이'(172위)로도 20주 넘게 이름을 올리며 장기 흥행을 이어가고 있다. 최근 저작권과 전속 계약 분쟁으로 내홍을 겪고 있는 그룹 피프티 피프티의 히트곡 '큐피드'(Cupid)는 '핫100'에 24위로 18주 연속 진입했으며 '글로벌 200'에서는 12위에 올랐다. 그룹 방탄소년단(BTS)의 RM이 지난해 발매한 솔로 음반 '인디고'(Indigo)는 최근 LP 버전 발매에 힘입어 메인 음반 차트 '빌보드 200'에 53위로 재진입했다. 솔로 싱글 '세븐'(Seven)으로 '핫100' 정상에 오른 정국은 지난해 만든 자작곡 '스틸 위드 유'(Still with You)로도 '글로벌 200'에 98위로 이름을 올렸다. 방탄소년단의 데뷔 10주년 기념 단체곡 '테이크 투'(Take Two)는 이 차트에 117위로 6주 연속 진입했으며 멤버 지민의 솔로곡 '라이크 크레이지'(Like Crazy)는 29위로 17주째 이름을 올렸다. 지민이 래퍼 코닥 블랙 등과 협업한 영화 '분노의 질주' OST '앤젤 파트1'은 148위를 기록했다. 스트레이 키즈, 엔하이픈 등 보이 그룹들도 선전을 이어갔다. 정규 3집 '★★★★★'(5-Star)로 '빌보드 200'에 1위로 진입한 스트레이 키즈는 이번 주 26위로 7주 연속 진입에 성공했으며 엔하이픈 '다크블러드'(130위), 에이티즈 '더 월드 EP2:아웃러'(171위)도 5주 이상 이 차트에 머물렀다. '글로벌 200' 차트에서는 엑소가 신곡 '크림 소다'로 86위를 기록했으며 신예 그룹 제로베이스원은 데뷔곡 '인 블룸'으로 182위로 차트에 처음 진입했다. 세븐틴의 미니 10집 'FML' 타이틀곡 '손오공'은 195위로 이 차트에 재진입했다. 르세라핌, 에스파, 아이브 등 걸그룹의 장기 흥행도 이어졌다. 에스파의 미니 3집 '마이 월드'는 '빌보드 200'에 110위로 3주 연속 이름을 올렸으며 르세라핌은 정규 1집 타이틀곡 '언포기븐'과 후속곡 '이브, 프시케 그리고 푸른 수염의 아내'로 '글로벌 200'에서 각각 143위와 69위를 기록했다. 이 외에도 (여자)아이들 '퀸카'(58위), 아이브 '아이엠'(93위), 지수 '꽃'(179위)이 이 차트에 10주 이상 머무르며 장기 흥행 중이다. [사진 출처 : 연합뉴스] ■ 제보하기 ▷ 카카오톡 : 'KBS제보' 검색, 채널 추가 ▷ 전화 : 02-781-1234, 4444 ▷ 이메일 : kbs1234@kbs.co.kr ▷ 유튜브, 네이버, 카카오에서도 KBS뉴스를 구독해주세요! 기자 정보 댓글 좋아요 공유하기
NewJeans reach a new career high on the 'Billboard Hot 100' chart - allkpop;https://news.google.com/rss/articles/CBMiZ2h0dHBzOi8vd3d3LmFsbGtwb3AuY29tL2FydGljbGUvMjAyMy8wNy9uZXdqZWFucy1yZWFjaC1hLW5ldy1jYXJlZXItaGlnaC1vbi10aGUtYmlsbGJvYXJkLWhvdC0xMDAtY2hhcnTSAQA?oc=5;2023-07-26 00:23:00;1;True;https://www.allkpop.com/article/2023/07/newjeans-reach-a-new-career-high-on-the-billboard-hot-100-chart;;
뉴진스 'Super Shy' 핫100 66위..첫 빌보드 200 진입 예약[공식] - 스타뉴스 - 스타뉴스;https://news.google.com/rss/articles/CBMiZ2h0dHBzOi8vd3d3LnN0YXJuZXdza29yZWEuY29tL3N0dmlldy5waHA_bm89MjAyMzA3MjYwNzMwNDQ0ODA1MiZwRGVwdGg9bmV3cyZwRGVwdGgxPW11c2ljJnBEZXB0aDI9bXVzaWPSAUBodHRwczovL20uc3Rhcm5ld3Nrb3JlYS5jb20vdmlld19hbXAuaHRtbD9ubz0yMDIzMDcyNjA3MzA0NDQ4MDUy?oc=5;2023-07-25 22:36:49;0;True;https://www.starnewskorea.com/stview.php?no=2023072607304448052&pDepth=news&pDepth1=music&pDepth2=music;;
[문화연예 플러스] '피치포크', 뉴진스 '겟 업'에 역대 K팝 평점 2위 - MBC뉴스;https://news.google.com/rss/articles/CBMiRmh0dHBzOi8vaW1uZXdzLmltYmMuY29tL3JlcGxheS8yMDIzL253dG9kYXkvYXJ0aWNsZS82NTA3NjI2XzM2MjA3Lmh0bWzSAUZodHRwczovL2ltbmV3cy5pbWJjLmNvbS9yZXBsYXkvMjAyMy9ud3RvZGF5L2FydGljbGUvNjUwNzYyNl8zNjIwOC5odG1s?oc=5;2023-07-25 22:26:08;0;True;https://imnews.imbc.com/replay/2023/nwtoday/article/6507626_36207.html;;
[잇슈 연예] 서태지와 아이들 다음 뉴진스? 미 매체 평점 화제 - KBS뉴스;https://news.google.com/rss/articles/CBMiL2h0dHBzOi8vbmV3cy5rYnMuY28ua3IvbmV3cy92aWV3LmRvP25jZD03NzMyODQx0gEA?oc=5;2023-07-25 22:06:00;0;True;https://news.kbs.co.kr/news/view.do?ncd=7732841;;
BTS’s Jung Kook Ties NewJeans With His Latest Global Smash Single - Forbes;https://news.google.com/rss/articles/CBMidmh0dHBzOi8vd3d3LmZvcmJlcy5jb20vc2l0ZXMvaHVnaG1jaW50eXJlLzIwMjMvMDcvMjUvYnRzcy1qdW5nLWtvb2stdGllcy1uZXdqZWFucy13aXRoLWhpcy1sYXRlc3QtZ2xvYmFsLXNtYXNoLXNpbmdsZS_SAXpodHRwczovL3d3dy5mb3JiZXMuY29tL3NpdGVzL2h1Z2htY2ludHlyZS8yMDIzLzA3LzI1L2J0c3MtanVuZy1rb29rLXRpZXMtbmV3amVhbnMtd2l0aC1oaXMtbGF0ZXN0LWdsb2JhbC1zbWFzaC1zaW5nbGUvYW1wLw?oc=5;2023-07-25 22:00:24;1;True;https://www.forbes.com/sites/hughmcintyre/2023/07/25/btss-jung-kook-ties-newjeans-with-his-latest-global-smash-single/;;"Share to Facebook Share to Twitter Share to Linkedin Jung Kook (Big Hit Music) Big Hit Music Jung Kook is currently on cloud nine as his latest solo song ""Seven"" arrives high on the charts and is declared an immediate massive success. The track has officially taken the crown as the biggest track in the world this week, debuting at No. 1 on the Billboard Global 200, which measures the most-consumed tracks worldwide, taking into account both streams and sales. With ""Seven"" performing exceptionally well in both categories, Jung Kook proudly claims his first solo leader on the prestigious tally. Not only does ""Seven"" secure Jung Kook's solo No. 1 on the Billboard Global 200, but it also propels him further up the list of South Korean artists with the most top 10 wins. This latest win marks his third appearance in the top 10 on the Billboard Global 200 under his own name. With three top 10 smashes on the Billboard Global 200 now featured in his discography, Jung Kook matches the girl group NewJeans, tying for the third-most top 10 hits among South Korean musical acts in the history of the ranking. MORE FROM FORBES NewJeans Break Their Tie With Twice With Another Hot 100 Hit Single By Hugh McIntyre BTS, the globally acclaimed group he is still a member of, remains the undeniable leader among South Korean musical acts on the Billboard Global 200. The septet has an impressive track record, with 11 songs having broken into the coveted region. Seven of those tracks have reached the No. 1 spot. The group continues to hold the record for the most winners in the chart's history among all artists. MORE FOR YOU New Apple Leak Confirms iPhone 15 Release Shock New iPhone 15 Exclusive Reveals Stunning Apple Design Decision Twitter Deletes Fact-Check Of Musk Connecting Bronny James’ Cardiac Arrest To Covid Vaccine Following BTS, Blackpink takes the second position among all South Korean artists, as they have charted four different songs inside the Billboard Global 200's top 10. Prior to the release of ""Seven,"" Jung Kook found himself tied with his BTS bandmate Jimin and Blackpink's Lisa, as all three had secured two placements in the region. Now, with the success of ""Seven,"" Jung Kook has surged ahead of both of them, solidifying his position as the BTS member with the most top 10 hits on the Billboard Global 200. MORE FROM FORBES NewJeans Beats One Of Blackpink's Most Impressive Records By Hugh McIntyre"
"BTS Jungkook's Surprising Real Reason For Choosing ""Seven"" As ... - Koreaboo";https://news.google.com/rss/articles/CBMiWmh0dHBzOi8vd3d3LmtvcmVhYm9vLmNvbS9uZXdzL2J0cy1qdW5na29vay1zZXZlbi1yZWNvcmRpbmctZmlsbS1yZWFzb24tcmVhc29uLXNldmVuLWdyb3duL9IBAA?oc=5;2023-07-25 18:18:51;1;True;https://www.koreaboo.com/news/bts-jungkook-seven-recording-film-reason-reason-seven-grown/;;
"Stray Kids' Hyunjin, NewJeans' Hanni, IVE's An Yujin, more; Vote for ... - PINKVILLA";https://news.google.com/rss/articles/CBMikQFodHRwczovL3d3dy5waW5rdmlsbGEuY29tL2VudGVydGFpbm1lbnQvc3RyYXkta2lkcy1oeXVuamluLW5ld2plYW5zLWhhbm5pLWl2ZXMtYW4teXVqaW4tbW9yZS12b3RlLWZvci1tb3N0LWZpdHRpbmctay1wb3AtYnJhbmQtYW1iYXNzYWRvci0xMjMyMDE50gEA?oc=5;2023-07-25 17:27:33;1;True;https://www.pinkvilla.com/entertainment/stray-kids-hyunjin-newjeans-hanni-ives-an-yujin-more-vote-for-most-fitting-k-pop-brand-ambassador-1232019;;
뉴진스를 만난 래퍼 '빈지노', 그가 타는 차는?[누구차] - hub.zum.com;https://news.google.com/rss/articles/CBMiIWh0dHBzOi8vaHViLnp1bS5jb20vZWRhaWx5LzEwMjAyNNIBAA?oc=5;2023-07-25 15:13:02;0;True;https://hub.zum.com/edaily/102024;;
뉴진스 '슈퍼 샤이', 빌보드 '핫100' 64위…자체 최고 - 뉴시스;https://news.google.com/rss/articles/CBMiQWh0dHBzOi8vbW9iaWxlLm5ld3Npcy5jb20vdmlldy5odG1sP2FyX2lkPU5JU1gyMDIzMDcyNV8wMDAyMzkwMjM10gFFaHR0cHM6Ly9tb2JpbGUubmV3c2lzLmNvbS92aWV3X2FtcC5odG1sP2FyX2lkPU5JU1gyMDIzMDcyNV8wMDAyMzkwMjM1?oc=5;2023-07-25 15:00:00;0;True;https://mobile.newsis.com/view.html?ar_id=NISX20230725_0002390235;;
TOP 20: NEWJEANS PULL UP - HITS Daily Double;https://news.google.com/rss/articles/CBMiSWh0dHBzOi8vaGl0c2RhaWx5ZG91YmxlLmNvbS9uZXdzJmlkPTMzNjkxMiZ0aXRsZT1UT1AtMjA6LU5FV0pFQU5TLVBVTEwtVVDSAQA?oc=5;2023-07-25 13:00:32;1;True;https://hitsdailydouble.com/news&id=336912&title=TOP-20:-NEWJEANS-PULL-UP;https://memberdata.s3.amazonaws.com/hi/hitsdd/photos/hitsdd_photo_gal__photo_946150726.png;NewJeans ’ 2nd EP ‘Get Up’ ( ADOR / Hybe / Geffen ) pulls ahead and will land in the #1 spot. Meanwhile, Barbie The Album ( Atlantic ) is on track to debut at #2 and Lava / Republic ’s Greta Van Fleet looks to open in the Top 10 with Starcatcher . Now if you’ll excuse us, it’s time for happy hour (from the comfort of our air-conditioned living room, of course).
블랙핑크, 뉴진스의 그 패션…‘블록코어’에 열광하는 MZ세대 - 세계일보;https://news.google.com/rss/articles/CBMiJ2h0dHBzOi8vbS5zZWd5ZS5jb20vdmlldy8yMDIzMDcyNTUwOTgzMNIBKmh0dHBzOi8vbS5zZWd5ZS5jb20vYW1wVmlldy8yMDIzMDcyNTUwOTgzMA?oc=5;2023-07-25 12:00:00;0;True;https://m.segye.com/view/20230725509830;;
"""블랙핑크·뉴진스도 달고 다녀요""…2030女 열광한 제품 [여기잇슈] - 한국경제";https://news.google.com/rss/articles/CBMiM2h0dHBzOi8vd3d3Lmhhbmt5dW5nLmNvbS9saWZlL2FydGljbGUvMjAyMzA3MjUwOTYxN9IBL2h0dHBzOi8vd3d3Lmhhbmt5dW5nLmNvbS9saWZlL2FtcC8yMDIzMDcyNTA5NjE3?oc=5;2023-07-25 11:00:01;0;True;https://www.hankyung.com/life/article/2023072509617;;
"Filipinos Find Something ""Embarrassing"" About The Photo Actor Kim ... - Koreaboo";https://news.google.com/rss/articles/CBMiWGh0dHBzOi8vd3d3LmtvcmVhYm9vLmNvbS9uZXdzL2tpbS1zZW9uLWhvLWZpbGlwaW5vcy1lbWJhcnJhc3NpbmctcGhvdG8tdG9vay1waGlsaXBwaW5lcy_SAQA?oc=5;2023-07-25 10:02:39;1;True;https://www.koreaboo.com/news/kim-seon-ho-filipinos-embarrassing-photo-took-philippines/;;
FIFTY FIFTY, NewJeans, LE SSERAFIM, and more: VOTE for the Breakout Hoobae of the Year award - PINKVILLA;https://news.google.com/rss/articles/CBMiiAFodHRwczovL3d3dy5waW5rdmlsbGEuY29tL2VudGVydGFpbm1lbnQvZmlmdHktZmlmdHktbmV3amVhbnMtbGUtc3NlcmFmaW0tYW5kLW1vcmUtdm90ZS1mb3ItdGhlLWJyZWFrb3V0LWhvb2JhZS1vZi10aGUteWVhci1hd2FyZC0xMjMxODYx0gGMAWh0dHBzOi8vd3d3LnBpbmt2aWxsYS5jb20vZW50ZXJ0YWlubWVudC9maWZ0eS1maWZ0eS1uZXdqZWFucy1sZS1zc2VyYWZpbS1hbmQtbW9yZS12b3RlLWZvci10aGUtYnJlYWtvdXQtaG9vYmFlLW9mLXRoZS15ZWFyLWF3YXJkLTEyMzE4NjE_YW1w?oc=5;2023-07-25 09:02:21;1;True;https://www.pinkvilla.com/entertainment/fifty-fifty-newjeans-le-sserafim-and-more-vote-for-the-breakout-hoobae-of-the-year-award-1231861;;
위버스, 뉴진스·TXT '롤라팔루자' 실황 생중계 확정 - 전자신문;https://news.google.com/rss/articles/CBMiJWh0dHBzOi8vd3d3LmV0bmV3cy5jb20vMjAyMzA3MjUwMDAyNznSAQA?oc=5;2023-07-25 08:15:00;0;True;https://www.etnews.com/20230725000279;;
위버스, 뉴진스·TXT 美 롤라팔루자 무대 생중계 - 한국경제;https://news.google.com/rss/articles/CBMiPGh0dHBzOi8vd3d3Lmhhbmt5dW5nLmNvbS9lbnRlcnRhaW5tZW50L2FydGljbGUvMjAyMzA3MjUxMDM1WdIBOGh0dHBzOi8vd3d3Lmhhbmt5dW5nLmNvbS9lbnRlcnRhaW5tZW50L2FtcC8yMDIzMDcyNTEwMzVZ?oc=5;2023-07-25 07:01:51;0;True;https://www.hankyung.com/entertainment/article/202307251035Y;;
[가요소식] 위버스, 뉴진스·TXT 美 롤라팔루자 무대 생중계 - 연합뉴스;https://news.google.com/rss/articles/CBMiL2h0dHBzOi8vd3d3LnluYS5jby5rci92aWV3L0FLUjIwMjMwNzI1MTI0MTAwMDA10gExaHR0cHM6Ly9tLnluYS5jby5rci9hbXAvdmlldy9BS1IyMDIzMDcyNTEyNDEwMDAwNQ?oc=5;2023-07-25 07:01:47;0;True;https://www.yna.co.kr/view/AKR20230725124100005;//r.yna.co.kr/www/home_n/v02/img/bg_none_people01.jpg;임지우 기자 기자 페이지 이준호, 日 요코하마 단독 콘서트 성황·밴드 밸리 내한 공연 위버스, 룰라팔루자 실시간 중계 [위버스 제공. 재판매 및 DB 금지] (서울=연합뉴스) 임지우 기자 = ▲ 실시간으로 만나는 뉴진스·TXT 무대 = 팬덤 플랫폼 위버스가 그룹 뉴진스와 투모로우바이투게더(TXT)의 '롤라팔루자' 축제 무대를 미국 외 전 세계 지역에 생중계한다고 25일 밝혔다. 다음 달 3∼6일(현지 시간) 미국 시카고에서 열리는 '롤라팔루자 시카고'는 빌리 아이리시, 켄드릭 라마, 라나 델 레이 등이 출연하는 미국의 대규모 음악 축제다. 뉴진스는 한국 시간으로 8월 4일 오전 7시께 무대에 오르며, 투모로우바이투게더는 8월 6일 오전 10시 30분께 출연한다. 광고 이번 축제 생중계는 위버스 가입자라면 누구나 무료로 시청할 수 있으며 팬끼리 소통할 수 있는 실시간 채팅 기능도 제공된다. 가수 이준호 [JYP엔터테인먼트 제공. 재판매 및 DB 금지] ▲ 준호, 5년 만에 일본 단독 콘서트 = 그룹 2PM의 이준호가 지난 22~23일 일본 요코하마 피아 아레나에서 단독 콘서트를 열었다. 2018년 12월 이후 5년 만의 일본 단독 콘서트다. 이준호는 고베, 나고야 등에서도 투어 콘서트를 이어가며 다음 달 23일에는 솔로 데뷔 10주년을 기념해 일본 스페셜 싱글 '캔 아이'를 발매한다. 밴드 밸리 [라이브네이션코리아 제공. 재판매 및 DB 금지] ▲ '틱톡 스타' 캐나다 밴드 밸리 내한 = 캐나다의 팝 밴드 밸리(Valley)가 다음 달 1일 서울 광진구 예스24라이브홀에서 첫 단독 내한 공연을 연다. 밸리는 2021년 발매한 '라이크 1999'(Like 1999)가 틱톡에서 입소문을 타며 주목받은 4인조 밴드다. 지난해 음악 축제 '슬로우 라이프 슬로우 라이브'에 참여하기 위해 처음으로 내한했으며 이번에 처음으로 한국에서 단독 공연으로 관객과 만난다. wisefool@yna.co.kr 관련기사 4세대 K팝 스타, 해외 음악 축제 잇따라 초청(종합) 뉴진스 '겟 업', 美 피치포크 평점 7점대…역대 K팝 2위 뉴진스 '슈퍼 샤이', 스포티파이 데일리 톱 송 차트 4위 뉴진스 '겟 업', 발매 당일 120만장 판매…음원도 정상 제보는 카카오톡 okjebo <저작권자(c) 연합뉴스, 무단 전재-재배포 금지> 2023/07/25 16:01 송고
'뉴진스·투모로우바이투게더 라이브 공연, 위버스로 즐겨요' - 테크M;https://news.google.com/rss/articles/CBMiN2h0dHBzOi8vd3d3LnRlY2htLmtyL25ld3MvYXJ0aWNsZVZpZXcuaHRtbD9pZHhubz0xMTI1NjbSATpodHRwczovL3d3dy50ZWNobS5rci9uZXdzL2FydGljbGVWaWV3QW1wLmh0bWw_aWR4bm89MTEyNTY2?oc=5;2023-07-25 06:52:40;0;True;https://www.techm.kr/news/articleView.html?idxno=112566;;
뉴진스 해린, 잠자기 전 루틴? “영상 꼭 봐” - 스포츠경향;https://news.google.com/rss/articles/CBMiUWh0dHBzOi8vc3BvcnRzLmtoYW4uY28ua3IvbmV3cy9za19pbmRleC5odG1sP2FydF9pZD0yMDIzMDcyNTE0NDUwMDMmc2VjX2lkPTU0MDEwMdIBTmh0dHBzOi8vbS5zcG9ydHMua2hhbi5jby5rci9hbXAvdmlldy5odG1sP2FydF9pZD0yMDIzMDcyNTE0NDUwMDMmc2VjX2lkPTU0MDEwMQ?oc=5;2023-07-25 05:45:00;0;True;https://sports.khan.co.kr/entertainment/sk_index.html?art_id=202307251445003&sec_id=540101;;
Netizens React With Amused Exhaustion To Stray Kids Felix's ... - Koreaboo;https://news.google.com/rss/articles/CBMibWh0dHBzOi8vd3d3LmtvcmVhYm9vLmNvbS9zdG9yaWVzL3N0cmF5LWtpZHMtZmVsaXgtbmV0aXplbnMtcmVhY3QtYW11c2VkLWV4aGF1c3Rpb24tYW1iaXRpb3VzLWRhdGluZy1zY2hlZHVsZS_SAQA?oc=5;2023-07-25 01:30:44;1;True;https://www.koreaboo.com/stories/stray-kids-felix-netizens-react-amused-exhaustion-ambitious-dating-schedule/;;
"Hanni Spills On The Painful Reality Of NewJeans' First ""Super Shy"" Dance Practice - Koreaboo";https://news.google.com/rss/articles/CBMiXWh0dHBzOi8vd3d3LmtvcmVhYm9vLmNvbS9uZXdzL2hhbm5pLXNwaWxscy1wYWluZnVsLXJlYWxpdHktbmV3amVhbnMtc3VwZXItc2h5LWRhbmNlLXByYWN0aWNlL9IBAA?oc=5;2023-07-25 00:34:44;1;True;https://www.koreaboo.com/news/hanni-spills-painful-reality-newjeans-super-shy-dance-practice/;;
'텐션' 낮추고 X세대 공략…뉴진스 데뷔 1년, 대중문화 흔들었다 - 한겨레;https://news.google.com/rss/articles/CBMiQGh0dHBzOi8vd3d3LmhhbmkuY28ua3IvYXJ0aS9jdWx0dXJlL2N1bHR1cmVfZ2VuZXJhbC8xMTAxNTc2Lmh0bWzSAQA?oc=5;2023-07-24 23:00:25;0;True;https://www.hani.co.kr/arti/culture/culture_general/1101576.html;//flexible.img.hani.co.kr/flexible/normal/970/646/imgdb/original/2023/0724/20230724503416.jpg;그룹 뉴진스. 어도어 제공 데뷔 1년 만에 대세 그룹이 된 뉴진스, 그간 대체 무슨 일이 있었던 걸까? 뉴진스가 지난 22일 데뷔 1주년을 맞았다. 에스엠(SM)엔터테인먼트 비주얼 디렉터 출신 민희진의 걸그룹으로 화제를 모았던 뉴진스는 지난해 7월22일 ‘어텐션’ 뮤직비디오를 불쑥 공개하며 데뷔했다. 그 뒤로는 화제의 연속이었다. 열흘 뒤 발표한 첫 미니앨범 <뉴 진스> 수록곡 4곡 모두 히트시키며 그해 여름을 휩쓸더니 올해 초 발표한 싱글 <오엠지>(OMG)로 겨울마저 뉴진스의 계절로 만들었다. 특히 싱글 수록곡 ‘디토’는 국내 최대 음원 서비스 멜론에서 14주 연속 1위를 차지했는데, 이는 역대 최장 기록이다. 그룹 뉴진스. 어도어 제공 뉴진스가 지난 21일 발표한 두번째 미니앨범 <겟 업>도 반응이 뜨겁다. 지난 7일 먼저 공개한 ‘슈퍼 샤이’는 국내 주요 음원 차트 정상을 차지했고, 세계 양대 대중음악 차트인 영국 오피셜 싱글 ‘톱 100’과 미국 빌보드 ‘핫 100’에서 각각 59위, 66위로 자체 최고 기록을 경신했다. 세계 최대 음원 서비스 스포티파이의 글로벌 ‘데일리 톱 송’ 차트에선 21일(현지시각) 기준으로 4위까지 치솟았다. <겟 업>은 발매 첫날 119만장(한터차트 기준) 넘게 팔리며 단숨에 밀리언셀러가 됐다. 전문가들의 평가도 후하다. <겟 업>에 대한 전문가 평을 종합하면, 공격적이고 세련된 비트에 부드럽고 귀여운 보컬을 조합한 수작으로 요약할 수 있다. 임희윤 음악평론가는 “‘보컬은 귀엽지만 비트는 사납다’는 뉴진스 음악의 특징이 더 또렷해졌다. 예컨대 저지 클럽과 파벨라 펑크 장르의 거칠고 공격적인 비트는 뉴진스의 힘 빼고 부르는 귀여운 보컬과 이종교배돼 이상하고 아름다운 진풍경을 보여준다”고 짚었다. 김성환 평론가는 “리듬과 비트의 미학에 더 깊게 집중하면서 보컬을 다른 소리들과 한몸이 되는 악기처럼 활용했다. 트렌드를 따라가는 게 아니라 스스로 트렌드를 만들어가는 음반”이라고 평했다. 그룹 뉴진스. 어도어 제공 이번 음반으로 대중에게 한층 더 친숙해졌다는 목소리도 있다. 조혜림 프리즘 음악콘텐츠 기획자는 “뉴진스는 1년이 다 되도록 구름이나 간유리 같은 신비주의에 감춰져 있었지만, <겟 업>의 익살스럽고 재밌는 가사, 파워퍼프걸·아이폰과의 협업으로 요즘의 하이틴에 조금 더 가까워진, 친근한 친구처럼 느껴진다”고 말했다. 그렇다면 뉴진스가 불과 1년 만에 대중문화 판도를 흔드는 존재가 된 요인은 뭘까? 우선 기존 케이(K)팝과 차별화한 음악을 들 수 있다. 임희윤 평론가는 “뉴진스의 나른한 음악은 댄스클럽에서 춤추다 잠시 열기를 식히는 ‘칠 아웃 룸’처럼 기능한다. 케이팝의 특징으로 지목되던 ‘하이텐션’의 세계를 뒤집은 ‘미드텐션’ 음악이 되레 대중에게 신선하게 다가갔다”고 말했다. 김도헌 평론가는 “민희진 어도어 대표와 뉴진스 음악을 전담한 250, 프랭크 등 바나(기획사)소속 프로듀서들의 역량”을 성공 요인으로 꼽았다. 그룹 뉴진스. 어도어 제공 세련된 복고 감성을 내세워 폭넓은 세대에 다가간 전략도 주효했다. 김성환 평론가는 “음악적으로 최신 트렌드를 적극 활용하면서 비주얼 등 다른 요소에는 복고 전략을 취한다. <겟 업>에서도 ‘슈퍼 샤이’의 플래시몹, ‘이티에이’(ETA) 뮤직비디오의 1990~2000년대 미국 청춘 영화적 설정, ‘쿨 위드 유’ 뮤직비디오의 드라마식 전개와 량차오웨이(양조위) 출연 등으로 엑스(X)세대와 엠제트(MZ)세대를 동시에 사로잡는다”고 분석했다. 조혜림 기획자는 “신선함과 복고 감성을 버무려 새롭고 트렌디한 ‘뉴 진스’(새 청바지)이자 편안해서 매일 입고 싶은 ‘빈티지 진’이기도 한 정체성을 만들어냈다”고 설명했다. 이제 겨우 1년. 아직 단독 공연 한번 못한 뉴진스가 갈 길은 창창하다. 전문가들은 이들의 앞날을 어떻게 내다볼까? 임희윤 평론가는 “뉴진스는 다른 걸그룹과 음악과 메시지에서 차별화하면서도 중독적인 안무, 예쁜 외모 같은 기존 걸그룹의 장점을 겸비했다. 뉴진스가 진짜 무서운 이유다. 그렇기에 다른 걸그룹과 공존하며 중장기적으로 계속 성공해 나갈 가능성이 높다”고 내다봤다. 김도헌 평론가는 “케이팝에서 뉴진스와 뉴진스 이외 그룹으로 새로운 판이 짜여지고 있다는 인상을 받는다. 이제 차기 프로젝트를 주목해야 한다”고 말했다. 그룹 뉴진스. 어도어 제공 전원 10대인 뉴진스의 20대 모습에 대한 궁금증도 벌써부터 커진다. 조혜림 기획자는 “10대 소녀만의 청순함과 신선함, 친근함을 앞세운 뉴진스가 20대가 되어 소녀 콘셉트를 벗어났을 때 어떤 식의 피보팅(방향 전환)이 시작될지 기대된다”고 말했다. 김성환 평론가는 “뉴진스는 처음부터 고정 팬을 꽉 잡고 가기보다 음악에 호감을 가진 이들을 세대에 관계없이 팬으로 만드는 방식, 즉 케이팝 아이돌보다 전통적인 아티스트 방식에 가까운 길을 걸어왔다. 그래서 20대가 되어도 변덕스러운 대중이 원하는 것을 계속 만족시킬 수 있는 능력을 갖출지가 이들의 미래를 결정할 것”이라고 예상했다. 서정민 기자 westmin@hani.co.kr
10 Cool New Pop Songs to Get You Through the Week: Tinashe, Lizzo, Poppy & More - Billboard;https://news.google.com/rss/articles/CBMiWmh0dHBzOi8vd3d3LmJpbGxib2FyZC5jb20vbXVzaWMvcG9wL25ldy1wb3Atc29uZ3MtdGluYXNoZS1saXp6by1wb3BweS1uZXdqZWFucy0xMjM1Mzc3MzQ3L9IBXmh0dHBzOi8vd3d3LmJpbGxib2FyZC5jb20vbXVzaWMvcG9wL25ldy1wb3Atc29uZ3MtdGluYXNoZS1saXp6by1wb3BweS1uZXdqZWFucy0xMjM1Mzc3MzQ3L2FtcC8?oc=5;2023-07-24 19:38:19;1;True;https://www.billboard.com/music/pop/new-pop-songs-tinashe-lizzo-poppy-newjeans-1235377347/;https://www.billboard.com/wp-content/themes/vip/pmc-billboard-2021/assets/public/lazyload-fallback.gif;"Looking for some motivation to help power you through the start of another work week? We feel you, and with some stellar new pop tunes, we’ve got you covered. These 10 tracks from artists including Tinashe, Lizzo, Poppy and more will get you energized to take on the week. Pop any of these gems into your personal playlists — or scroll to the end of the post for a custom playlist of all 10. Related Offset Recruits Jamie Lee Curtis for James Brown Interview Spoof to Tease New Music: Watch 07/24/2023 Explore Explore Tinashe See latest videos, charts and news See latest videos, charts and news Poppy, “Knockoff” While Poppy is ostensibly singing about a relationship on “Knockoff,” the first single from forthcoming album Zig , it’s hard not to think about the questions of authenticity currently propelling debates about AI while enjoying its stormy, sinewy groove. “How you gonna prove to me that you’re the real thing?” Poppy sings, the synths around her constructing a metallic fortress that the soft, human warmth of her voice effectively breaks. – Jason Lipshutz Jenna Raine, “It Is What It Is” Handclaps, hard acoustic strums, piano melodies and boisterous group vocals are all helping Jenna Raine get out of the funk of growing up on “It Is What It Is,” a brisk charmer that gives the singer-songwriter ample room to showcase her personality over a short run time. Raine eye-rolls her way through hardship before mining some positivity, deploying snappy lyrics that could feasibly blow up in the next uplifting TikTok trend. – J. Lipshutz Rosie Darling, “Boxes” The ornately detailed post-breakup songwriting of hits like Olivia Rodrigo’s “Drivers License” and Lizzy McAlpine’s “Ceilings” is present in Rosie Darling’s “Boxes,” on which the Boston-born singer-songwriter examines the messiness that comes with a split — the changed locks, the tearful trip home, the call from an unaware family member. Darling nails those quiet moments, but also balls up her frustration in affecting big-picture questions: “What did you want from me? / I gave you everything.” – J. Lipshutz Mitch Rowland, “Come June” Those familiar with Mitch Rowland’s work alongside Harry Styles — he co-wrote and played on multiple Harry’s House tracks, including performing drums on the chart-topping smash “As It Was,” and joined Styles’ Love On Tour world trek — should check their preconceived notions at the door when pressing play on debut single “Come June.” Instead of trying to re-create that magic, the singer-songwriter has found some of his own in a subtle indie-folk template, unfurling his own fragile voice with confidence. – J. Lipshutz Becca Means, “My Darling” Nineteen-year-old Becca Means has accrued 3 million TikTok followers through a series of cover songs, demos and entertaining clips that showcase her personality — and while translating social media charm into a catchy song is often a tall order, Means pulls it off on debut single “My Darling.” The beguiling kiss-off pulls from ‘60s pop but feels modern and lived-in, with plenty of melodies worth returning to tucked into the verses. – J. Lipshutz Bruno Major, “The Show Must Go On” The first verse of Bruno Major’s “The Show Must Go On” is split in half between fantasy and reality: after describing a scene of a hero triumphing, getting the girl and evoking crowd applause, Major snaps back into a more common occurrence of staring at a ceiling late at night, full of existential dread and ennui. “The Show Must Go On” demonstrates Major’s songwriting panache as a prescription for living your truth: his voice soulfully winds through ideas and scenario, dispensing advice in second person. – J. Lipshutz The Beaches, “Me & Me” With “Me & Me,” a driving rock track about prioritizing yourself, Canadian foursome The Beaches deliver an updated take on the Beyoncé classic “Me, Myself and I”: Over a fuzzed-out riff, vocalist Jordan Miller confidently observes, “When I’m with myself, it’s honestly zen / Might as well be my girlfriend.” Elsewhere, she asks if spending time with herself is really such a sin, or more of a win; judging by the unbothered tone of “Me & Me,” it seems to be the latter. – Lyndsey Havens Lizzo, “Pink” Unlike Dua Lipa’s “Dance the Night,” which could’ve appeared in the soundtrack to any number of summers flicks, Lizzo’s contribution to the blockbuster Barbie film features lyrics that serve as a meta commentary on the action of the film’s brilliant opening scene. Like the movie itself, the bright, buoyant tones of “Pink” set up a frozen plastic perfection that – by the time Lizzo spells out an acronym for the color, ending with ‘K’ standing for ‘cool’ – you know is bound to crack. – Joe Lynch Tinashe, “Talk to Me Nice” With a soft, skittering rhythm and looped vocal syllable repeating throughout (courtesy of producers Nosaj Thing and Scoop DeVille), “Talk to Me Nice” finds Tinashe in her sweet spot, delivering shadowy, sensual R&B that’s hypnotic in its beauty. It’s a promising tease of the singer’s upcoming 2023 project, BB/ANG3L . – J. Lynch NewJeans, “Get Up” After a successful run of singles (“Attention,” “Hype Boy,” “Ditto” and “OMG”) in less than one calendar year, NewJeans’ Get Up EP, released on July 21, quickly became one of the most highly anticipated K-pop project of the summer. While the first half of the EP employs Baltimore dance and UK garage beats for an energetic listen, title track “Get Up” – albeit only 36 seconds long – acts as an interlude to catch your breath. Minji, Hanni, Danielle, Haerin and Hyein’s voices melt into airy synth instrumentals as they dabble in R&B, offering a hopeful glimpse at what’s to come from their future releases. – Starr Bowenbank"
아이유가 데뷔했을때 ‘뉴진스 막내’ 혜인은 태어났다고? 한 앵글서 보니 더 믿기지 않네! - 조선일보;https://news.google.com/rss/articles/CBMiWmh0dHBzOi8vd3d3LmNob3N1bi5jb20vZW50ZXJ0YWlubWVudHMvZW50ZXJfZ2VuZXJhbC8yMDIzLzA3LzI1LzRXQVNYSEtKMjNJU0szTktQM1pRWDJZVlJNL9IBaWh0dHBzOi8vd3d3LmNob3N1bi5jb20vZW50ZXJ0YWlubWVudHMvZW50ZXJfZ2VuZXJhbC8yMDIzLzA3LzI1LzRXQVNYSEtKMjNJU0szTktQM1pRWDJZVlJNLz9vdXRwdXRUeXBlPWFtcA?oc=5;2023-07-24 19:27:19;0;False;NotExecuted;;
"IU praises Hyein's voice and says ""Get Up"" became her favorite song over ""Super Shy"" after hearing the NewJeans ... - allkpop";https://news.google.com/rss/articles/CBMingFodHRwczovL3d3dy5hbGxrcG9wLmNvbS9hcnRpY2xlLzIwMjMvMDcvaXUtcHJhaXNlcy1oeWVpbnMtdm9pY2UtYW5kLXNheXMtZ2V0LXVwLWJlY2FtZS1oZXItZmF2b3JpdGUtc29uZy1vdmVyLXN1cGVyLXNoeS1hZnRlci1oZWFyaW5nLXRoZS1uZXdqZWFucy1tYWtuYWUtc2luZ9IBAA?oc=5;2023-07-24 18:49:00;1;False;NotExecuted;;
‘We were surprised and flattered’: NewJeans on becoming K-pop game-changers - Dazed;https://news.google.com/rss/articles/CBMieGh0dHBzOi8vd3d3LmRhemVkZGlnaXRhbC5jb20vbXVzaWMvYXJ0aWNsZS82MDQzMC8xL25ld2plYW5zLWludGVydmlldy1uZXctYWxidW0tZ2V0LXVwLW1pbmppLWRhbmllbGxlLWhhZXJpbi1oYW5uaS1oeWVpbtIBfmh0dHBzOi8vd3d3LmRhemVkZGlnaXRhbC5jb20vbXVzaWMvYXJ0aWNsZS82MDQzMC8xL25ld2plYW5zLWludGVydmlldy1uZXctYWxidW0tZ2V0LXVwLW1pbmppLWRhbmllbGxlLWhhZXJpbi1oYW5uaS1oeWVpbj9hbXA9MQ?oc=5;2023-07-24 15:45:00;1;False;NotExecuted;;
The Reason Sandara Park Doesn't Go On Blind Dates - Koreaboo;https://news.google.com/rss/articles/CBMiU2h0dHBzOi8vd3d3LmtvcmVhYm9vLmNvbS9uZXdzLzJuZTEtc2FuZGFyYS1wYXJrLWRvZXNudC1ibGluZC1kYXRlcy1zYWx0eS1wYXduLXNob3Av0gEA?oc=5;2023-07-24 15:37:57;1;False;NotExecuted;;
NewJeans on Get Up: “It is still hard to believe that people are paying us so much attention” - British GQ;https://news.google.com/rss/articles/CBMiRGh0dHBzOi8vd3d3LmdxLW1hZ2F6aW5lLmNvLnVrL2FydGljbGUvbmV3amVhbnMtZ2V0LXVwLWludGVydmlldy0yMDIz0gFIaHR0cHM6Ly93d3cuZ3EtbWFnYXppbmUuY28udWsvYXJ0aWNsZS9uZXdqZWFucy1nZXQtdXAtaW50ZXJ2aWV3LTIwMjMvYW1w?oc=5;2023-07-24 15:27:28;1;False;NotExecuted;;
'Shot on iPhone' Goes K-pop With NewJeans - Muse by Clio;https://news.google.com/rss/articles/CBMiOWh0dHBzOi8vbXVzZWJ5Y2wuaW8vbXVzaWMvc2hvdC1pcGhvbmUtZ29lcy1rLXBvcC1uZXdqZWFuc9IBAA?oc=5;2023-07-24 12:53:36;1;False;NotExecuted;;
NewJeans' Haerin Goes Viral For Celestial Visuals That Are Unedited - Koreaboo;https://news.google.com/rss/articles/CBMiamh0dHBzOi8vd3d3LmtvcmVhYm9vLmNvbS9uZXdzL25ld2plYW5zLWhhZXJpbi12aXN1YWxzLWNvb2xmb3J5b3UtZXRhLW5ldGl6ZW4tcmVhY3Rpb25zLXJlYWwtbGlmZS11bmVkaXRlZC_SAQA?oc=5;2023-07-24 10:29:29;1;False;NotExecuted;;
Salons In Seoul That K-pop Stars — Including BTS, Blackpink ... - 8 Days;https://news.google.com/rss/articles/CBMiVmh0dHBzOi8vd3d3LjhkYXlzLnNnL2xpdmVhbmRsZWFybi90cmF2ZWwvc2Fsb25zLXNlb3VsLWJsYWNrcGluay1idHMtbmV3amVhbnMtZ28tODE0MjUx0gEA?oc=5;2023-07-24 10:26:38;1;False;NotExecuted;;
KBS WORLD TV YouTube | HOT Video Clip of the Week (July 17th ... - KBS WORLD Radio News;https://news.google.com/rss/articles/CBMiSGh0dHA6Ly93b3JsZC5rYnMuY28ua3Ivc2VydmljZS9jb250ZW50c192aWV3Lmh0bT9sYW5nPWUmYm9hcmRfc2VxPTQ0MTc5MdIBAA?oc=5;2023-07-24 09:00:32;1;False;NotExecuted;;
뉴진스가 고른 나이키 스니커즈는? 7월 넷째 주의 패션 인스타그램 - 보그 코리아;https://news.google.com/rss/articles/CBMi4AFodHRwczovL3d3dy52b2d1ZS5jby5rci8yMDIzLzA3LzI0LyVFQiU4OSVCNCVFQyVBNyU4NCVFQyU4QSVBNCVFQSVCMCU4MC0lRUElQjMlQTAlRUIlQTUlQjgtJUVCJTgyJTk4JUVDJTlEJUI0JUVEJTgyJUE0LSVFQyU4QSVBNCVFQiU4QiU4OCVFQyVCQiVBNCVFQyVBNiU4OCVFQiU4QSU5NC03JUVDJTlCJTk0LSVFQiU4NCVCNyVFQyVBNyVCOC0lRUMlQTMlQkMlRUMlOUQlOTgtJUVEJThDJUE4L9IBAA?oc=5;2023-07-24 08:49:44;0;False;NotExecuted;;
'뉴진스·르세라핌 긴장해' 엔터 빅4, 대형신인 출격 - 서울경제 - 서울경제신문;https://news.google.com/rss/articles/CBMiK2h0dHBzOi8vd3d3LnNlZGFpbHkuY29tL05ld3NWaWV3LzI5Uzk5OUhGUUnSASxodHRwczovL20uc2VkYWlseS5jb20vTmV3c1ZpZXdBbXAvMjlTOTk5SEZRSQ?oc=5;2023-07-24 08:46:54;0;False;NotExecuted;;
[특징주] BTS 정국이 끌고 뉴진스가 밀고… 하이브, 2% 강세 - 조선비즈 - 조선비즈;https://news.google.com/rss/articles/CBMiUGh0dHBzOi8vYml6LmNob3N1bi5jb20vc3RvY2svbWFya2V0X3RyZW5kLzIwMjMvMDcvMjQvSklaTE4zR0RSTkZYSk03UjJFWlJBNTRWTFEv0gFfaHR0cHM6Ly9iaXouY2hvc3VuLmNvbS9zdG9jay9tYXJrZXRfdHJlbmQvMjAyMy8wNy8yNC9KSVpMTjNHRFJORlhKTTdSMkVaUkE1NFZMUS8_b3V0cHV0VHlwZT1hbXA?oc=5;2023-07-24 00:47:00;0;False;NotExecuted;;
EXO Tops Circle Weekly Album Chart + NewJeans Earns Triple Crown - soompi;https://news.google.com/rss/articles/CBMiaGh0dHBzOi8vd3d3LnNvb21waS5jb20vYXJ0aWNsZS8xNjAyNDc5d3BwL2V4by10b3BzLWNpcmNsZS13ZWVrbHktYWxidW0tY2hhcnQtbmV3amVhbnMtZWFybnMtdHJpcGxlLWNyb3du0gEA?oc=5;2023-07-23 21:13:44;1;False;NotExecuted;;
The One Thing NewJeans' Hanni Would Change From Her Past - Koreaboo;https://news.google.com/rss/articles/CBMiT2h0dHBzOi8vd3d3LmtvcmVhYm9vLmNvbS9uZXdzL29uZS10aGluZy1uZXdqZWFucy1oYW5uaS1jaGFuZ2UtcGFzdC1hbm5pdmVyc2FyeS_SAQA?oc=5;2023-07-23 20:02:56;1;False;NotExecuted;;
Watch: NewJeans Takes 3rd Win For “Super Shy” On “Inkigayo ... - soompi;https://news.google.com/rss/articles/CBMiiwFodHRwczovL3d3dy5zb29tcGkuY29tL2FydGljbGUvMTYwMjQzMHdwcC93YXRjaC1uZXdqZWFucy10YWtlcy0zcmQtd2luLWZvci1zdXBlci1zaHktb24taW5raWdheW8tcGVyZm9ybWFuY2VzLWJ5LW5jdC1kcmVhbS1uZXctbWNzLWFuZC1tb3Jl0gEA?oc=5;2023-07-23 14:53:41;1;False;NotExecuted;;
K팝 대표 걸그룹 된 뉴진스, 양조위에 애플까지 끌어낸 민희진 파워에 시선 집중 - 비즈니스포스트;https://news.google.com/rss/articles/CBMiQWh0dHBzOi8vd3d3LmJ1c2luZXNzcG9zdC5jby5rci9CUD9jb21tYW5kPWFydGljbGVfdmlldyZudW09MzIyMDM30gEA?oc=5;2023-07-23 07:13:49;0;False;NotExecuted;;
"BTS, NewJeans, BLACKPINK in top names for July singer Brand Reputation Rankings; Full list inside - PINKVILLA";https://news.google.com/rss/articles/CBMijgFodHRwczovL3d3dy5waW5rdmlsbGEuY29tL2VudGVydGFpbm1lbnQvYnRzLW5ld2plYW5zLWJsYWNrcGluay1pbi10b3AtbmFtZXMtZm9yLWp1bHktc2luZ2VyLWJyYW5kLXJlcHV0YXRpb24tcmFua2luZ3MtZnVsbC1saXN0LWluc2lkZS0xMjMxNTA50gGSAWh0dHBzOi8vd3d3LnBpbmt2aWxsYS5jb20vZW50ZXJ0YWlubWVudC9idHMtbmV3amVhbnMtYmxhY2twaW5rLWluLXRvcC1uYW1lcy1mb3ItanVseS1zaW5nZXItYnJhbmQtcmVwdXRhdGlvbi1yYW5raW5ncy1mdWxsLWxpc3QtaW5zaWRlLTEyMzE1MDk_YW1w?oc=5;2023-07-23 06:14:19;1;False;NotExecuted;;
The new album of MAMAMOO is accused of plagiarism by NewJeans fans - Music Mundial News;https://news.google.com/rss/articles/CBMibmh0dHBzOi8vd3d3Lm11c2ljbXVuZGlhbC5jb20vZW4vMjAyMy8wNy8yMi90aGUtbmV3LWFsYnVtLW9mLW1hbWFtb28taXMtYWNjdXNlZC1vZi1wbGFnaWFyaXNtLWJ5LW5ld2plYW5zLWZhbnMv0gFyaHR0cHM6Ly93d3cubXVzaWNtdW5kaWFsLmNvbS9lbi8yMDIzLzA3LzIyL3RoZS1uZXctYWxidW0tb2YtbWFtYW1vby1pcy1hY2N1c2VkLW9mLXBsYWdpYXJpc20tYnktbmV3amVhbnMtZmFucy9hbXAv?oc=5;2023-07-22 22:59:24;1;False;NotExecuted;;
유튜브에선 아이유가 뉴진스 노래를 부른다?… ‘생성형 AI’로 목소리 무단 도용 줄이어 - 조선비즈 - 조선비즈;https://news.google.com/rss/articles/CBMiTGh0dHBzOi8vYml6LmNob3N1bi5jb20vaXQtc2NpZW5jZS9pY3QvMjAyMy8wNy8yMy9IWVhPT0dNU0xaRlpKTzZOSFkzTk81TlFaQS_SAVtodHRwczovL2Jpei5jaG9zdW4uY29tL2l0LXNjaWVuY2UvaWN0LzIwMjMvMDcvMjMvSFlYT09HTVNMWkZaSk82TkhZM05PNU5RWkEvP291dHB1dFR5cGU9YW1w?oc=5;2023-07-22 21:00:00;0;False;NotExecuted;;
NewJeans' Staggering Number Of Luxury Brand Alliances In Their ... - Koreaboo;https://news.google.com/rss/articles/CBMiX2h0dHBzOi8vd3d3LmtvcmVhYm9vLmNvbS9saXN0cy9uZXdqZWFucy1zdGFnZ2VyaW5nLW51bWJlci1sdXh1cnktYnJhbmQtYWxsaWFuY2VzLWluLWRlYnV0LXllYXIv0gEA?oc=5;2023-07-22 13:30:45;1;False;NotExecuted;;
더 위켄드, 뉴진스 샤라웃 'Super Shy'' - 금강일보;https://news.google.com/rss/articles/CBMiOGh0dHA6Ly93d3cuZ2dpbGJvLmNvbS9uZXdzL2FydGljbGVWaWV3Lmh0bWw_aWR4bm89OTg0MjUz0gEA?oc=5;2023-07-22 08:58:01;0;False;NotExecuted;;
'음중' 뉴진스VS엑소VS정국, 대상 후보 수준 1위 후보 스케일 - 조선비즈 - 조선비즈;https://news.google.com/rss/articles/CBMiWWh0dHBzOi8vYml6LmNob3N1bi5jb20vZW50ZXJ0YWlubWVudC9lbnRlcl9nZW5lcmFsLzIwMjMvMDcvMjIvS1FJSEZZVVNDNzRQNldYM0NZMjRMS1dWQlEv0gFoaHR0cHM6Ly9iaXouY2hvc3VuLmNvbS9lbnRlcnRhaW5tZW50L2VudGVyX2dlbmVyYWwvMjAyMy8wNy8yMi9LUUlIRllVU0M3NFA2V1gzQ1kyNExLV1ZCUS8_b3V0cHV0VHlwZT1hbXA?oc=5;2023-07-22 06:40:00;0;False;NotExecuted;;
NewJeans' streaming team apologizes for using a streaming API ... - allkpop;https://news.google.com/rss/articles/CBMiowFodHRwczovL3d3dy5hbGxrcG9wLmNvbS9hcnRpY2xlLzIwMjMvMDcvbmV3amVhbnMtc3RyZWFtaW5nLXRlYW0tYXBvbG9naXplcy1mb3ItdXNpbmctYS1zdHJlYW1pbmctYXBpLWRlc2lnbmVkLWJ5LWJ0c3Mtc3RyZWFtaW5nLWluZm9ybWF0aW9uLXRlYW0td2l0aG91dC1wZXJtaXNzaW9u0gEA?oc=5;2023-07-22 06:40:00;1;False;NotExecuted;;
적수 없는 임영웅, 방탄소년단x뉴진스까지 꺾었다..가수 브랜드 평판 1위 - 조선비즈 - 조선비즈;https://news.google.com/rss/articles/CBMiWWh0dHBzOi8vYml6LmNob3N1bi5jb20vZW50ZXJ0YWlubWVudC9lbnRlcl9nZW5lcmFsLzIwMjMvMDcvMjIvQTdTSjQ1WU81NkdDTTVMSzRCUUNDQUxIMk0v0gFoaHR0cHM6Ly9iaXouY2hvc3VuLmNvbS9lbnRlcnRhaW5tZW50L2VudGVyX2dlbmVyYWwvMjAyMy8wNy8yMi9BN1NKNDVZTzU2R0NNNUxLNEJRQ0NBTEgyTS8_b3V0cHV0VHlwZT1hbXA?oc=5;2023-07-21 23:52:00;0;False;NotExecuted;;
New Music Friday: Listen To New Songs From Travis Scott, Britney ... - The GRAMMYs;https://news.google.com/rss/articles/CBMiemh0dHBzOi8vd3d3LmdyYW1teS5jb20vbmV3cy9uZXctbXVzaWMtZnJpZGF5LWp1bHktMjEtdHJhdmlzLXNjb3R0LWJhZC1idW5ueS10aGUtd2Vla25kLWstcG9wLW5ld2plYW5zLWJyaXRuZXktc3BlYXJzLXNvbmdz0gEA?oc=5;2023-07-21 20:15:01;1;False;NotExecuted;;
NewJeans Make Triumphant Return With Second EP ‘Get Up’: Stream It Now - Billboard;https://news.google.com/rss/articles/CBMiV2h0dHBzOi8vd3d3LmJpbGxib2FyZC5jb20vbXVzaWMvbXVzaWMtbmV3cy9uZXdqZWFucy1nZXQtdXAtZXAtc3RyZWFtLWl0LW5vdy0xMjM1Mzc2Mjk3L9IBW2h0dHBzOi8vd3d3LmJpbGxib2FyZC5jb20vbXVzaWMvbXVzaWMtbmV3cy9uZXdqZWFucy1nZXQtdXAtZXAtc3RyZWFtLWl0LW5vdy0xMjM1Mzc2Mjk3L2FtcC8?oc=5;2023-07-21 18:14:23;1;False;NotExecuted;;
New Music Friday: Stream new projects from Babyface Ray, NewJeans, Blur, and more - The FADER;https://news.google.com/rss/articles/CBMicWh0dHBzOi8vd3d3LnRoZWZhZGVyLmNvbS8yMDIzLzA3LzIxL25ldy1tdXNpYy1mcmlkYXktc3RyZWFtLW5ldy1wcm9qZWN0cy1mcm9tLWJhYnlmYWNlLXJheS1uZXdqZWFucy1ibHVyLWFuZC1tb3Jl0gF1aHR0cHM6Ly93d3cudGhlZmFkZXIuY29tLzIwMjMvMDcvMjEvbmV3LW11c2ljLWZyaWRheS1zdHJlYW0tbmV3LXByb2plY3RzLWZyb20tYmFieWZhY2UtcmF5LW5ld2plYW5zLWJsdXItYW5kLW1vcmUvYW1w?oc=5;2023-07-21 12:49:55;1;False;NotExecuted;;
Watch 'Music Bank' Live feat. NewJeans, NCT DREAM ... - allkpop;https://news.google.com/rss/articles/CBMiZGh0dHBzOi8vd3d3LmFsbGtwb3AuY29tL3ZpZGVvLzIwMjMvMDcvd2F0Y2gtbXVzaWMtYmFuay1saXZlLWZlYXQtbmV3amVhbnMtbmN0LWRyZWFtLXplcm9iYXNlb25lLW1vcmXSAQA?oc=5;2023-07-21 07:27:00;1;False;NotExecuted;;
NewJeans - ASAP (English Lyrics + Audio) - Music Mundial News;https://news.google.com/rss/articles/CBMiSGh0dHBzOi8vd3d3Lm11c2ljbXVuZGlhbC5jb20vZW4vMjAyMy8wNy8yMC9uZXdqZWFucy1hc2FwLWVuZ2xpc2gtbHlyaWNzL9IBTGh0dHBzOi8vd3d3Lm11c2ljbXVuZGlhbC5jb20vZW4vMjAyMy8wNy8yMC9uZXdqZWFucy1hc2FwLWVuZ2xpc2gtbHlyaWNzL2FtcC8?oc=5;2023-07-21 04:23:31;1;False;NotExecuted;;
Watch NewJeans' exciting music video for new single 'ETA' - NME;https://news.google.com/rss/articles/CBMiVmh0dHBzOi8vd3d3Lm5tZS5jb20vbmV3cy9tdXNpYy9uZXdqZWFucy1taW5pLWFsYnVtLWdldC11cC1yZWxlYXNlLWRhdGUtdGVhc2Vycy0zNDU3NzEw0gEA?oc=5;2023-07-21 04:20:53;1;False;NotExecuted;;
"BTS 정국·한소희, 뉴진스x'노개런티' 양조위, ""이게 되네"" [Oh!쎈 이슈] - 조선비즈 - 조선비즈";https://news.google.com/rss/articles/CBMiWWh0dHBzOi8vYml6LmNob3N1bi5jb20vZW50ZXJ0YWlubWVudC9lbnRlcl9nZW5lcmFsLzIwMjMvMDcvMjEvV0tLWkxLQjZLUkFPSVVCWTRYSjVVVFNMM1Uv0gFoaHR0cHM6Ly9iaXouY2hvc3VuLmNvbS9lbnRlcnRhaW5tZW50L2VudGVyX2dlbmVyYWwvMjAyMy8wNy8yMS9XS0taTEtCNktSQU9JVUJZNFhKNVVUU0wzVS8_b3V0cHV0VHlwZT1hbXA?oc=5;2023-07-20 11:29:00;0;False;NotExecuted;;
정호연→양조위, 뉴진스 신곡 MV 출연..'역대급 만남' - 하퍼스바자;https://news.google.com/rss/articles/CBMiLWh0dHBzOi8vd3d3LmhhcnBlcnNiYXphYXIuY28ua3IvYXJ0aWNsZS83OTMxMNIBAA?oc=5;2023-07-20 05:37:54;0;False;NotExecuted;;
가장 새로운 뉴진스, 또 다른 민지 - 보그 코리아;https://news.google.com/rss/articles/CBMingFodHRwczovL3d3dy52b2d1ZS5jby5rci8yMDIzLzA3LzIwLyVFQSVCMCU4MCVFQyU5RSVBNS0lRUMlODMlODglRUIlQTElOUMlRUMlOUElQjQtJUVCJTg5JUI0JUVDJUE3JTg0JUVDJThBJUE0LSVFQiU5OCU5MC0lRUIlOEIlQTQlRUIlQTUlQjgtJUVCJUFGJUJDJUVDJUE3JTgwL9IBAA?oc=5;2023-07-20 00:59:55;0;False;NotExecuted;;
NewJeans Play Angels & Watch Cupid’s Love Story Unfold in ‘Cool With You’ Videos: Watch - Billboard;https://news.google.com/rss/articles/CBMiWmh0dHBzOi8vd3d3LmJpbGxib2FyZC5jb20vbXVzaWMvbXVzaWMtbmV3cy9uZXdqZWFucy1jb29sLXdpdGgteW91LXZpZGVvcy13YXRjaC0xMjM1Mzc1MDEzL9IBXmh0dHBzOi8vd3d3LmJpbGxib2FyZC5jb20vbXVzaWMvbXVzaWMtbmV3cy9uZXdqZWFucy1jb29sLXdpdGgteW91LXZpZGVvcy13YXRjaC0xMjM1Mzc1MDEzL2FtcC8?oc=5;2023-07-19 22:31:36;1;False;NotExecuted;;
BTS·TXT·엔하이픈·르세라핌·뉴진스, 각양각색 美 빌보드 톱 질주 - 전자신문;https://news.google.com/rss/articles/CBMiJWh0dHBzOi8vd3d3LmV0bmV3cy5jb20vMjAyMzA3MTkwMDAyNTjSAQA?oc=5;2023-07-19 06:20:43;0;False;NotExecuted;;
"""이럴 거면 속옷만 입지?”..뉴진스, 카즈하, 엄정화까지 자꾸 벗는 이유 ... - 오토트리뷴";https://news.google.com/rss/articles/CBMiPmh0dHBzOi8vd3d3LmF1dG90cmlidW5lLmNvLmtyL25ld3MvYXJ0aWNsZVZpZXcuaHRtbD9pZHhubz05MDIx0gEA?oc=5;2023-07-19 03:29:20;0;False;NotExecuted;;
NewJeans at Lollapalooza 2023: What to know about Bunnyland - NME;https://news.google.com/rss/articles/CBMiUWh0dHBzOi8vd3d3Lm5tZS5jb20vZW5fYXUvbmV3cy9tdXNpYy9uZXdqZWFucy1idW5ueWxhbmQtbG9sbGFwYWxvb3phLTIwMjMtMzQ3MDM0OdIBAA?oc=5;2023-07-19 02:46:43;1;False;NotExecuted;;
New photos from 'Vogue Korea' reveal a closer look at NewJeans ... - allkpop;https://news.google.com/rss/articles/CBMijQFodHRwczovL3d3dy5hbGxrcG9wLmNvbS9hcnRpY2xlLzIwMjMvMDcvbmV3LXBob3Rvcy1mcm9tLXZvZ3VlLWtvcmVhLXJldmVhbC1hLWNsb3Nlci1sb29rLWF0LW5ld2plYW5zLW1pbmppcy1zdHVubmluZy1hbmQtZGlzdGluY3RpdmUtZmVhdHVyZXPSAQA?oc=5;2023-07-18 20:57:00;1;False;NotExecuted;;
The Weeknd Gives A Shoutout To NewJeans — But Korean ... - Koreaboo;https://news.google.com/rss/articles/CBMiZGh0dHBzOi8vd3d3LmtvcmVhYm9vLmNvbS9uZXdzL3dlZWtuZC1naXZlcy1zaG91dG91dC1uZXdqZWFucy1rb3JlYW4tbmV0aXplbnMtbWl4ZWQtcmV2aWV3cy1oYm8taWRvbC_SAQA?oc=5;2023-07-18 11:18:48;1;False;NotExecuted;;
왁킹, 파워퍼프걸의 등장… 뉴진스 선공개곡 또 터졌다 - 한국일보;https://news.google.com/rss/articles/CBMiOmh0dHBzOi8vd3d3Lmhhbmtvb2tpbGJvLmNvbS9OZXdzL1JlYWQvQTIwMjMwNzE4MTM1NDAwMDQ5MTXSAQA?oc=5;2023-07-18 07:00:49;0;False;NotExecuted;;
BTS, NewJeans, BLACKPINK, & IVE are the top ranking K-Pop idol ... - allkpop;https://news.google.com/rss/articles/CBMiiQFodHRwczovL3d3dy5hbGxrcG9wLmNvbS9hcnRpY2xlLzIwMjMvMDcvYnRzLW5ld2plYW5zLWJsYWNrcGluay1pdmUtYXJlLXRoZS10b3AtcmFua2luZy1rLXBvcC1pZG9sLWdyb3Vwcy1pbi10ZXJtcy1vZi1icmFuZC12YWx1ZS1mb3ItanVsedIBAA?oc=5;2023-07-18 00:04:00;1;False;NotExecuted;;
NewJeans, (G)I-DLE, and Jungkook top Instiz chart for the fourth ... - allkpop;https://news.google.com/rss/articles/CBMidmh0dHBzOi8vd3d3LmFsbGtwb3AuY29tL2FydGljbGUvMjAyMy8wNy9uZXdqZWFucy1naS1kbGUtYW5kLWp1bmdrb29rLXRvcC1pbnN0aXotY2hhcnQtZm9yLXRoZS1mb3VydGgtd2Vlay1vZi1qdWx5LTIwMjPSAQA?oc=5;2023-07-17 07:00:00;1;False;NotExecuted;;
"""Are They Siblings?"" A Handsome Korean Athlete Is Gaining ... - Koreaboo";https://news.google.com/rss/articles/CBMiWWh0dHBzOi8vd3d3LmtvcmVhYm9vLmNvbS9uZXdzL25ld2plYW5zLW1pbmppLWhhbmRzb21lLWtvcmVhbi1hdGhsZXRlLXVuY2FubnktcmVzZW1ibGFuY2Uv0gEA?oc=5;2023-07-17 07:00:00;1;False;NotExecuted;;
Netizens say NewJeans' Danielle is like a real-life doll with her ... - allkpop;https://news.google.com/rss/articles/CBMiemh0dHBzOi8vd3d3LmFsbGtwb3AuY29tL2FydGljbGUvMjAyMy8wNy9uZXRpemVucy1zYXktbmV3amVhbnMtZGFuaWVsbGUtaXMtbGlrZS1hLXJlYWwtbGlmZS1kb2xsLXdpdGgtaGVyLXN1cGVyLXNoeS12aXN1YWxz0gEA?oc=5;2023-07-17 01:26:44;1;False;NotExecuted;;
NewJeans To Drop “Cool With You” Music Video - Koreaboo;https://news.google.com/rss/articles/CBMiRGh0dHBzOi8vd3d3LmtvcmVhYm9vLmNvbS9uZXdzL25ld2plYW5zLWRyb3AtY29vbHdpdGh5b3UtbXVzaWMtdmlkZW8v0gEA?oc=5;2023-07-16 07:00:00;1;False;NotExecuted;;
"""Please Don't Cancel Me"": Circle Chart Director Makes Polarizing ... - Koreaboo";https://news.google.com/rss/articles/CBMigQFodHRwczovL3d3dy5rb3JlYWJvby5jb20vc3Rvcmllcy9wbGVhc2UtZG9udC1jYW5jZWwtY2lyY2xlLWNoYXJ0LWRpcmVjdG9yLW1ha2VzLXBvbGFyaXppbmctc3RhdGVtZW50cy1uZXdqZWFucy1sZS1zc2VyYWZpbS1naWRsZS_SAQA?oc=5;2023-07-16 07:00:00;1;False;NotExecuted;;
뉴진스 ‘하입 보이’ 프로듀서 250의 ‘뽕 차오른’ 무대 - 경향신문;https://news.google.com/rss/articles/CBMiLGh0dHBzOi8vbS5raGFuLmNvLmtyL2FydGljbGUvMjAyMzA3MTYxNjA4MDAx0gFIaHR0cHM6Ly9tLmtoYW4uY28ua3IvY3VsdHVyZS9jdWx0dXJlLWdlbmVyYWwvYXJ0aWNsZS8yMDIzMDcxNjE2MDgwMDEvYW1w?oc=5;2023-07-16 07:00:00;0;False;NotExecuted;;
르세라핌, 컴백 동시 '인기가요' 1위..엑소→뉴진스 컴백[종합] - 조선비즈 - 조선비즈;https://news.google.com/rss/articles/CBMiWWh0dHBzOi8vYml6LmNob3N1bi5jb20vZW50ZXJ0YWlubWVudC9lbnRlcl9nZW5lcmFsLzIwMjMvMDcvMTYvSVBNTjUzVElGUzNEWFpWQ1Q3RjNXWkRPWlkv0gFoaHR0cHM6Ly9iaXouY2hvc3VuLmNvbS9lbnRlcnRhaW5tZW50L2VudGVyX2dlbmVyYWwvMjAyMy8wNy8xNi9JUE1ONTNUSUZTM0RYWlZDVDdGM1daRE9aWS8_b3V0cHV0VHlwZT1hbXA?oc=5;2023-07-16 07:00:00;0;False;NotExecuted;;
LE SSERAFIM wins #1 on 'Inkigayo' + Performances from ... - allkpop;https://news.google.com/rss/articles/CBMiemh0dHBzOi8vd3d3LmFsbGtwb3AuY29tL2FydGljbGUvMjAyMy8wNy9sZS1zc2VyYWZpbS13aW5zLTEtb24taW5raWdheW8tcGVyZm9ybWFuY2VzLWZyb20temVyb2Jhc2VvbmUtZXhvLW5ld2plYW5zLWFuZC1tb3Jl0gEA?oc=5;2023-07-15 23:50:47;1;False;NotExecuted;;
사직구장에 뉴진스 민지가 떴다? [2023 올스타] - 조선비즈 - 조선비즈;https://news.google.com/rss/articles/CBMiTWh0dHBzOi8vYml6LmNob3N1bi5jb20vc3BvcnRzL2Jhc2ViYWxsLzIwMjMvMDcvMTUvT0EyVkEzN002N0U1R09NUVlDQ05JNkZXQlkv0gFcaHR0cHM6Ly9iaXouY2hvc3VuLmNvbS9zcG9ydHMvYmFzZWJhbGwvMjAyMy8wNy8xNS9PQTJWQTM3TTY3RTVHT01RWUNDTkk2RldCWS8_b3V0cHV0VHlwZT1hbXA?oc=5;2023-07-15 09:57:00;0;False;NotExecuted;;
뉴진스vs샤이니vs임영웅, ‘쇼 음악중심’ 1위 후보 대격돌 - 조선비즈 - 조선비즈;https://news.google.com/rss/articles/CBMiWWh0dHBzOi8vYml6LmNob3N1bi5jb20vZW50ZXJ0YWlubWVudC9lbnRlcl9nZW5lcmFsLzIwMjMvMDcvMTUvNFdCNkVVVERWSktFUlg1VE1KVktXU0NBTEUv0gFoaHR0cHM6Ly9iaXouY2hvc3VuLmNvbS9lbnRlcnRhaW5tZW50L2VudGVyX2dlbmVyYWwvMjAyMy8wNy8xNS80V0I2RVVURFZKS0VSWDVUTUpWS1dTQ0FMRS8_b3V0cHV0VHlwZT1hbXA?oc=5;2023-07-15 07:00:00;0;False;NotExecuted;;
Korean Netizens Discuss The Negative Impact Of Idol Ambassadors ... - Koreaboo;https://news.google.com/rss/articles/CBMiW2h0dHBzOi8vd3d3LmtvcmVhYm9vLmNvbS9uZXdzL2lkb2wtYW1iYXNzYWRvcnMtbHV4dXJ5LWJyYW5kcy1pbXBhY3Qta29yZWFuLW5ldGl6ZW5zLWRlYmF0ZS_SAQA?oc=5;2023-07-14 07:00:00;1;False;NotExecuted;;
뉴진스·이찬혁만 전체 수록곡 뮤비 찍나? 나훈아도 한다! - 한겨레;https://news.google.com/rss/articles/CBMiQGh0dHBzOi8vd3d3LmhhbmkuY28ua3IvYXJ0aS9jdWx0dXJlL2N1bHR1cmVfZ2VuZXJhbC8xMTAwMTEyLmh0bWzSAQA?oc=5;2023-07-14 07:00:00;0;False;NotExecuted;;
NewJeans Becomes Fastest K-Pop Girl Group To Debut Multiple ... - soompi;https://news.google.com/rss/articles/CBMimAFodHRwczovL3d3dy5zb29tcGkuY29tL2FydGljbGUvMTYwMDc3N3dwcC9uZXdqZWFucy1iZWNvbWVzLWZhc3Rlc3Qtay1wb3AtZ2lybC1ncm91cC10by1kZWJ1dC1tdWx0aXBsZS1zb25ncy1vbi11a3Mtb2ZmaWNpYWwtc2luZ2xlcy1jaGFydC13aXRoLXN1cGVyLXNoedIBAA?oc=5;2023-07-14 07:00:00;1;False;NotExecuted;;
뉴진스 민지의 메이크업 아이템은? - 하퍼스바자;https://news.google.com/rss/articles/CBMiLWh0dHBzOi8vd3d3LmhhcnBlcnNiYXphYXIuY28ua3IvYXJ0aWNsZS83OTEzONIBAA?oc=5;2023-07-14 07:00:00;0;False;NotExecuted;;
뉴진스, '슈퍼 샤이'로 현지 활동 없이 美 스포티파이 톱 11위…국내에선 '파죽지세' - 서울경제 - 서울경제신문;https://news.google.com/rss/articles/CBMiK2h0dHBzOi8vd3d3LnNlZGFpbHkuY29tL05ld3NWaWV3LzI5UzRMS0RWUknSASxodHRwczovL20uc2VkYWlseS5jb20vTmV3c1ZpZXdBbXAvMjlTNExLRFZSSQ?oc=5;2023-07-14 07:00:00;0;False;NotExecuted;;
뉴진스, 적수 없는 절대강자..2023 상반기 써클차트 싹쓸이 - 조선비즈 - 조선비즈;https://news.google.com/rss/articles/CBMiWWh0dHBzOi8vYml6LmNob3N1bi5jb20vZW50ZXJ0YWlubWVudC9lbnRlcl9nZW5lcmFsLzIwMjMvMDcvMTQvQUVTTlE3VUc2Uk40REk2T1BXRlo1VVJZRUkv0gFoaHR0cHM6Ly9iaXouY2hvc3VuLmNvbS9lbnRlcnRhaW5tZW50L2VudGVyX2dlbmVyYWwvMjAyMy8wNy8xNC9BRVNOUTdVRzZSTjRESTZPUFdGWjVVUllFSS8_b3V0cHV0VHlwZT1hbXA?oc=5;2023-07-14 07:00:00;0;False;NotExecuted;;
NewJeans Wows Netizens With Expensive Gifts For Fans During ... - Koreaboo;https://news.google.com/rss/articles/CBMiUWh0dHBzOi8vd3d3LmtvcmVhYm9vLmNvbS9uZXdzL25ld2plYW5zLWZhbnMtZ2lmdHMtbXVzaWMtc2hvdy1yZWNvcmRpbmctc3VwZXItc2h5L9IBAA?oc=5;2023-07-14 07:00:00;1;False;NotExecuted;;
"""Maybe it's because Min Hee Jin produced both groups,"" Netizens ... - allkpop";https://news.google.com/rss/articles/CBMinwFodHRwczovL3d3dy5hbGxrcG9wLmNvbS9hcnRpY2xlLzIwMjMvMDcvbWF5YmUtaXRzLWJlY2F1c2UtbWluLWhlZS1qaW4tcHJvZHVjZWQtYm90aC1ncm91cHMtbmV0aXplbnMtdGFsay1hYm91dC10aGUtc2ltaWxhcml0aWVzLWJldHdlZW4tbmV3amVhbnMtYW5kLXJlZC12ZWx2ZXTSAQA?oc=5;2023-07-13 11:45:37;1;False;NotExecuted;;
뉴진스·엑소·코요태…7월 가요계 '서머송' 대전 - 연합뉴스;https://news.google.com/rss/articles/CBMiL2h0dHBzOi8vd3d3LnluYS5jby5rci92aWV3L0FLUjIwMjMwNzEyMDgxNTAwMDA10gExaHR0cHM6Ly9tLnluYS5jby5rci9hbXAvdmlldy9BS1IyMDIzMDcxMjA4MTUwMDAwNQ?oc=5;2023-07-13 07:00:00;0;False;NotExecuted;;
Watch: NewJeans Scores “Super Shy” 1st Win On “M Countdown ... - soompi;https://news.google.com/rss/articles/CBMiiQFodHRwczovL3d3dy5zb29tcGkuY29tL2FydGljbGUvMTYwMDQ4OXdwcC93YXRjaC1uZXdqZWFucy1zY29yZXMtc3VwZXItc2h5LTFzdC13aW4tb24tbS1jb3VudGRvd24tcGVyZm9ybWFuY2VzLWJ5LWV4by16ZXJvYmFzZW9uZS1hbmQtbW9yZdIBAA?oc=5;2023-07-13 07:00:00;1;False;NotExecuted;;
Starship Entertainment manager criticized for allegedly shifty ... - allkpop;https://news.google.com/rss/articles/CBMihwFodHRwczovL3d3dy5hbGxrcG9wLmNvbS9hcnRpY2xlLzIwMjMvMDcvc3RhcnNoaXAtZW50ZXJ0YWlubWVudC1tYW5hZ2VyLWNyaXRpY2l6ZWQtZm9yLWFsbGVnZWRseS1zaGlmdHktY29tbWVudHMtYWJvdXQtbmV3amVhbnMtcGljdHVyZXPSAQA?oc=5;2023-07-12 09:29:35;1;False;NotExecuted;;
“To Be Paid At NewJeans' Level” — Eyewear Brand Staff Exposes ... - Koreaboo;https://news.google.com/rss/articles/CBMiYmh0dHBzOi8vd3d3LmtvcmVhYm9vLmNvbS9uZXdzL2ZpZnR5LWZpZnR5LWNmLWRlYWwtbmV3amVhbnMtbGV2ZWwtcGF5bWVudC1haG4tc3VuZ2lsLWdpdmVycy1leHBvc2Uv0gEA?oc=5;2023-07-12 07:00:00;1;False;NotExecuted;;
Best New Pop Songs This Week: Taylor Swift & NewJeans - UPROXX;https://news.google.com/rss/articles/CBMiRmh0dHBzOi8vdXByb3h4LmNvbS9wb3AvYmVzdC1uZXctcG9wLXRheWxvci1zd2lmdC1uZXdqZWFucy1maWZ0eS1maWZ0eS_SAQA?oc=5;2023-07-11 07:00:00;1;False;NotExecuted;;
Netizens credit an Attention-Grabbing Thumbnail for the high views ... - allkpop;https://news.google.com/rss/articles/CBMingFodHRwczovL3d3dy5hbGxrcG9wLmNvbS9hcnRpY2xlLzIwMjMvMDcvbmV0aXplbnMtY3JlZGl0LWFuLWF0dGVudGlvbi1ncmFiYmluZy10aHVtYm5haWwtZm9yLXRoZS1oaWdoLXZpZXdzLWZvci1uZXdqZWFucy1hdHRlbnRpb24tbXVzaWMtYmFuay1wZXJmb3JtYW5jZS12aWRlb9IBAA?oc=5;2023-07-11 02:34:51;1;False;NotExecuted;;
NewJeans' Haerin displays her mesmerizing beauty in the ... - allkpop;https://news.google.com/rss/articles/CBMihgFodHRwczovL3d3dy5hbGxrcG9wLmNvbS9hcnRpY2xlLzIwMjMvMDcvbmV3amVhbnMtaGFlcmluLWRpc3BsYXlzLWhlci1tZXNtZXJpemluZy1iZWF1dHktaW4tdGhlLWNvc21vcG9saXRhbi1waWN0b3JpYWwtd2l0aC1kaW9yLWJlYXV0edIBAA?oc=5;2023-07-11 01:29:09;1;False;NotExecuted;;
방시혁이 AI 기업 인수한 이유…브루노 마스가 뉴진스 노래를 - 한겨레;https://news.google.com/rss/articles/CBMiQGh0dHBzOi8vd3d3LmhhbmkuY28ua3IvYXJ0aS9jdWx0dXJlL2N1bHR1cmVfZ2VuZXJhbC8xMDk5Mzg3Lmh0bWzSAQA?oc=5;2023-07-10 07:00:00;0;False;NotExecuted;;
"DEAN ""Returns"" Thanks To Viral AI-Generated NewJeans Cover - Koreaboo";https://news.google.com/rss/articles/CBMiTWh0dHBzOi8vd3d3LmtvcmVhYm9vLmNvbS9uZXdzL2RlYW4tcmV0dXJucy12aXJhbC1haS1nZW5lcmF0ZWQtbmV3amVhbnMtY292ZXIv0gEA?oc=5;2023-07-10 07:00:00;1;False;NotExecuted;;
코카-콜라, 글로벌 앰배서더 뉴진스 '코-크 스튜디오' 화보 공개 - 머니투데이;https://news.google.com/rss/articles/CBMiN2h0dHBzOi8vbmV3cy5tdC5jby5rci9tdHZpZXcucGhwP25vPTIwMjMwNzEwMTgzNjQyMzUzMjLSAT1odHRwczovL20ubXQuY28ua3IvcmVuZXcvdmlld19hbXAuaHRtbD9ubz0yMDIzMDcxMDE4MzY0MjM1MzIy?oc=5;2023-07-10 07:00:00;0;False;NotExecuted;;
NewJeans's 'Super Shy' tops streaming charts - The Korea JoongAng Daily;https://news.google.com/rss/articles/CBMibGh0dHBzOi8va29yZWFqb29uZ2FuZ2RhaWx5LmpvaW5zLmNvbS8yMDIzLzA3LzEwL2VudGVydGFpbm1lbnQva3BvcC9OZXdKZWFucy1BRE9SLUhZQkUvMjAyMzA3MTAxNjM5MzE3MjguaHRtbNIBAA?oc=5;2023-07-10 07:00:00;1;False;NotExecuted;;
"""R U Next"" Contestant Opens Up About Her Close Bond with ... - Koreaboo";https://news.google.com/rss/articles/CBMiW2h0dHBzOi8vd3d3LmtvcmVhYm9vLmNvbS9zdG9yaWVzL3ItdS1uZXh0LWNvbnRlc3RhbnQtdGFsa3MtY2xvc2UtZnJpZW5kc2hpcC1uZXdqZWFucy1oeWVpbi_SAQA?oc=5;2023-07-10 07:00:00;1;False;NotExecuted;;
10 Cool New Pop Songs to Get You Through The Week: Metric, NewJeans, Priya Ragu & More - Billboard;https://news.google.com/rss/articles/CBMiWGh0dHBzOi8vd3d3LmJpbGxib2FyZC5jb20vbXVzaWMvcG9wL25ldy1wb3Atc29uZ3MtbWV0cmljLW5ld2plYW5zLXByaXlhLXJhZ3UtMTIzNTM2OTEzOC_SAVxodHRwczovL3d3dy5iaWxsYm9hcmQuY29tL211c2ljL3BvcC9uZXctcG9wLXNvbmdzLW1ldHJpYy1uZXdqZWFucy1wcml5YS1yYWd1LTEyMzUzNjkxMzgvYW1wLw?oc=5;2023-07-10 07:00:00;1;False;NotExecuted;;
뉴진스, 음원퀸 저력 입증…선공개 싱글로 국내 주요 음원 차트 올킬 - 조선비즈 - 조선비즈;https://news.google.com/rss/articles/CBMiWWh0dHBzOi8vYml6LmNob3N1bi5jb20vZW50ZXJ0YWlubWVudC9lbnRlcl9nZW5lcmFsLzIwMjMvMDcvMTAvNUFFRzQ0TlZMTDdYMjM0T1k0V1pIQkFOV0Uv0gFoaHR0cHM6Ly9iaXouY2hvc3VuLmNvbS9lbnRlcnRhaW5tZW50L2VudGVyX2dlbmVyYWwvMjAyMy8wNy8xMC81QUVHNDROVkxMN1gyMzRPWTRXWkhCQU5XRS8_b3V0cHV0VHlwZT1hbXA?oc=5;2023-07-10 07:00:00;0;False;NotExecuted;;
NewJeans YouTube Shorts Exclusive #ImSuperShy Challenge - HYPEBEAST;https://news.google.com/rss/articles/CBMiX2h0dHBzOi8vaHlwZWJlYXN0LmNvbS8yMDIzLzcvbmV3amVhbnMteW91dHViZS1zaG9ydHMtZXhjbHVzaXZlLWltc3VwZXJzaHktY2hhbGxlbmdlLWxhdW5jaC1pbmZv0gEA?oc=5;2023-07-09 07:00:00;1;False;NotExecuted;;
Lana Del Rey, Lil Wayne, NewJeans and more to feature on new ... - NME;https://news.google.com/rss/articles/CBMiiwFodHRwczovL3d3dy5ubWUuY29tL2VuX2F1L25ld3MvbXVzaWMvbGFuYS1kZWwtcmV5LWxpbC13YXluZS1uZXdqZWFucy1hbmQtbW9yZS10by1mZWF0dXJlLW9uLW5ldy1qb24tYmF0aXN0ZS1hbGJ1bS13b3JsZC1tdXNpYy1yYWRpby0zNDY2NzIz0gEA?oc=5;2023-07-09 07:00:00;1;False;NotExecuted;;
NewJeans's Minji dazzles for 'Vogue Korea' x 'Chanel' - allkpop;https://news.google.com/rss/articles/CBMiWGh0dHBzOi8vd3d3LmFsbGtwb3AuY29tL2FydGljbGUvMjAyMy8wNy9uZXdqZWFuc3MtbWluamktZGF6emxlcy1mb3Itdm9ndWUta29yZWEteC1jaGFuZWzSAQA?oc=5;2023-07-08 04:18:30;1;False;NotExecuted;;
'편스토랑' 이찬원, 뉴진스 'Hype boy' 댄스 챌린지 - 금강일보;https://news.google.com/rss/articles/CBMiOGh0dHA6Ly93d3cuZ2dpbGJvLmNvbS9uZXdzL2FydGljbGVWaWV3Lmh0bWw_aWR4bm89OTgyNjY50gEA?oc=5;2023-07-07 10:25:00;0;False;NotExecuted;;
뉴진스×파워퍼프걸 뮤비 터졌다, 벌써 300만뷰 넘겨 - 한겨레;https://news.google.com/rss/articles/CBMiQGh0dHBzOi8vd3d3LmhhbmkuY28ua3IvYXJ0aS9jdWx0dXJlL2N1bHR1cmVfZ2VuZXJhbC8xMDk5MTYxLmh0bWzSAQA?oc=5;2023-07-07 07:00:00;0;False;NotExecuted;;
NewJeans Releases 'Super Shy,' 'New Jeans,' Ahead of Album - Vulture;https://news.google.com/rss/articles/CBMiRGh0dHBzOi8vd3d3LnZ1bHR1cmUuY29tLzIwMjMvMDcvbmV3amVhbnMtc3VwZXItc2h5LW11c2ljLXZpZGVvcy5odG1s0gEA?oc=5;2023-07-07 07:00:00;1;False;NotExecuted;;
"Poll: FIFTY FIFTY’s Barbie Dreams, NewJeans’ Super Shy, TXT, Jonas Brothers’ collab; Pick your favorite track - PINKVILLA";https://news.google.com/rss/articles/CBMilQFodHRwczovL3d3dy5waW5rdmlsbGEuY29tL2VudGVydGFpbm1lbnQvcG9sbC1maWZ0eS1maWZ0eXMtYmFyYmllLWRyZWFtcy1uZXdqZWFucy1zdXBlci1zaHktdHh0LWpvbmFzLWJyb3RoZXJzLWNvbGxhYi1waWNrLXlvdXItZmF2b3JpdGUtdHJhY2stMTIyOTE0NNIBmQFodHRwczovL3d3dy5waW5rdmlsbGEuY29tL2VudGVydGFpbm1lbnQvcG9sbC1maWZ0eS1maWZ0eXMtYmFyYmllLWRyZWFtcy1uZXdqZWFucy1zdXBlci1zaHktdHh0LWpvbmFzLWJyb3RoZXJzLWNvbGxhYi1waWNrLXlvdXItZmF2b3JpdGUtdHJhY2stMTIyOTE0ND9hbXA?oc=5;2023-07-07 07:00:00;1;False;NotExecuted;;
[여름 구름 뉴진스①] 민희진의 진심, 담대함과 자신감 - 뉴시스;https://news.google.com/rss/articles/CBMiQWh0dHBzOi8vbW9iaWxlLm5ld3Npcy5jb20vdmlldy5odG1sP2FyX2lkPU5JU1gyMDIzMDcwNV8wMDAyMzY0MTg10gFFaHR0cHM6Ly9tb2JpbGUubmV3c2lzLmNvbS92aWV3X2FtcC5odG1sP2FyX2lkPU5JU1gyMDIzMDcwNV8wMDAyMzY0MTg1?oc=5;2023-07-07 07:00:00;0;False;NotExecuted;;
뉴진스·세븐틴·임영웅·블랙핑크, 2023 써클차트 상반기 정상 - 전자신문;https://news.google.com/rss/articles/CBMiJWh0dHBzOi8vd3d3LmV0bmV3cy5jb20vMjAyMzA3MDcwMDAxNTjSAQA?oc=5;2023-07-07 07:00:00;0;False;NotExecuted;;
BLACKPINK's Jennie And NewJeans' Haerin Rock The Exact Same ... - Koreaboo;https://news.google.com/rss/articles/CBMiUGh0dHBzOi8vd3d3LmtvcmVhYm9vLmNvbS9zdG9yaWVzL2JsYWNrcGluay1qZW5uaWUtbmV3amVhbnMtaGFlcmluLXRvcC1yZWQtaGVhcnQv0gEA?oc=5;2023-07-06 07:00:00;1;False;NotExecuted;;
뉴진스, #저지클럽in뉴진스 #파워퍼프걸 #음원강자…'Super Shy ... - 전자신문;https://news.google.com/rss/articles/CBMiJWh0dHBzOi8vd3d3LmV0bmV3cy5jb20vMjAyMzA3MDYwMDAxNDnSAQA?oc=5;2023-07-06 07:00:00;0;False;NotExecuted;;
뉴진스도 투룸인데…‘월 270만’ 피프티피프티 강남 숙소에 걸그룹들 소환 - 동아일보;https://news.google.com/rss/articles/CBMiSWh0dHBzOi8vd3d3LmRvbmdhLmNvbS9uZXdzL0VudGVydGFpbm1lbnQvYXJ0aWNsZS9hbGwvMjAyMzA3MDYvMTIwMTEzNjY4LzHSATdodHRwczovL3d3dy5kb25nYS5jb20vbmV3cy9hbXAvYWxsLzIwMjMwNzA2LzEyMDExMzY2OC8x?oc=5;2023-07-06 07:00:00;0;False;NotExecuted;;
뉴진스, '어텐션', '하입보이' 이을 서머송 나올까…선공개곡 D-1 - 서울경제 - 서울경제신문;https://news.google.com/rss/articles/CBMiK2h0dHBzOi8vd3d3LnNlZGFpbHkuY29tL05ld3NWaWV3LzI5UzBYV0lGRDTSASxodHRwczovL20uc2VkYWlseS5jb20vTmV3c1ZpZXdBbXAvMjlTMFhXSUZENA?oc=5;2023-07-06 07:00:00;0;False;NotExecuted;;
Four out of the Five NewJeans members now have songwriter credits - allkpop;https://news.google.com/rss/articles/CBMiZmh0dHBzOi8vd3d3LmFsbGtwb3AuY29tL2J1enovMjAyMy8wNy9mb3VyLW91dC1vZi10aGUtZml2ZS1uZXdqZWFucy1tZW1iZXJzLW5vdy1oYXZlLXNvbmd3cml0ZXItY3JlZGl0c9IBAA?oc=5;2023-07-06 04:46:37;1;False;NotExecuted;;
뉴진스 ASAP 뮤비 속 몽환적인 수영장, 어디? - 하퍼스바자;https://news.google.com/rss/articles/CBMiLWh0dHBzOi8vd3d3LmhhcnBlcnNiYXphYXIuY28ua3IvYXJ0aWNsZS83ODk3ONIBAA?oc=5;2023-07-06 03:04:38;0;False;NotExecuted;;
뉴진스, 데뷔 앨범 전 수록곡 스포티파이 억대 스트리밍 달성 - news.kmib.co.kr;https://news.google.com/rss/articles/CBMiTmh0dHA6Ly9uZXdzLmttaWIuY28ua3IvYXJ0aWNsZS92aWV3LmFzcD9hcmNpZD0wOTI0MzEwNDczJmNvZGU9MTMxODAwMDAmc2lkMT1jb9IBAA?oc=5;2023-07-05 19:04:00;0;False;NotExecuted;;
컴백 앞둔 뉴진스, 여전히 뜨겁다 - 한국일보;https://news.google.com/rss/articles/CBMiOmh0dHBzOi8vd3d3Lmhhbmtvb2tpbGJvLmNvbS9OZXdzL1JlYWQvQTIwMjMwNzA1MDg1MzAwMDU2NDTSAQA?oc=5;2023-07-05 07:00:00;0;False;NotExecuted;;
뉴진스, 유튜브와 글로벌 프로젝트 예고..‘#ImSuperShy’ 티저 공개 - 조선비즈 - 조선비즈;https://news.google.com/rss/articles/CBMiWWh0dHBzOi8vYml6LmNob3N1bi5jb20vZW50ZXJ0YWlubWVudC9lbnRlcl9nZW5lcmFsLzIwMjMvMDcvMDUvVTRUN1hGVkRBMjRaQlRaUkNXS0o1WlJUTE0v0gFoaHR0cHM6Ly9iaXouY2hvc3VuLmNvbS9lbnRlcnRhaW5tZW50L2VudGVyX2dlbmVyYWwvMjAyMy8wNy8wNS9VNFQ3WEZWREEyNFpCVFpSQ1dLSjVaUlRMTS8_b3V0cHV0VHlwZT1hbXA?oc=5;2023-07-05 07:00:00;0;False;NotExecuted;;
여름 뉴진스가 온다..여전히 건재한 ‘Hype boy’ 아성 넘을까 [Oh!쎈 레터] - 조선비즈 - 조선비즈;https://news.google.com/rss/articles/CBMiWWh0dHBzOi8vYml6LmNob3N1bi5jb20vZW50ZXJ0YWlubWVudC9lbnRlcl9nZW5lcmFsLzIwMjMvMDcvMDUvRVdNNkpOTFdOT0Y1TDIyQk5FRlRSMlFES00v0gFoaHR0cHM6Ly9iaXouY2hvc3VuLmNvbS9lbnRlcnRhaW5tZW50L2VudGVyX2dlbmVyYWwvMjAyMy8wNy8wNS9FV002Sk5MV05PRjVMMjJCTkVGVFIyUURLTS8_b3V0cHV0VHlwZT1hbXA?oc=5;2023-07-05 07:00:00;0;False;NotExecuted;;
"""뉴진스부터 BTS 정국까지…하이브, 하반기 성장동력 더해진다""-신한 - 머니투데이";https://news.google.com/rss/articles/CBMiN2h0dHBzOi8vbmV3cy5tdC5jby5rci9tdHZpZXcucGhwP25vPTIwMjMwNzA0MDkwNzA0NDk1NjXSAT1odHRwczovL20ubXQuY28ua3IvcmVuZXcvdmlld19hbXAuaHRtbD9ubz0yMDIzMDcwNDA5MDcwNDQ5NTY1?oc=5;2023-07-04 07:00:00;0;False;NotExecuted;;
신한투자 “하이브 일회성 비용 늘어 2분기 이익 줄어, 뉴진스 정국 7월 ... - 비즈니스포스트;https://news.google.com/rss/articles/CBMiQWh0dHBzOi8vd3d3LmJ1c2luZXNzcG9zdC5jby5rci9CUD9jb21tYW5kPWFydGljbGVfdmlldyZudW09MzIwMDY10gEA?oc=5;2023-07-04 07:00:00;0;False;NotExecuted;;
Watch NewJeans perform 'ETA' live for the first time - NME;https://news.google.com/rss/articles/CBMiS2h0dHBzOi8vd3d3Lm5tZS5jb20vbmV3cy9tdXNpYy9uZXdqZWFucy1ldGEtbGl2ZS1wZXJmb3JtLWZpcnN0LXRpbWUtMzQ2Mzk2NtIBAA?oc=5;2023-07-03 07:00:00;1;False;NotExecuted;;
뉴진스, '캠프 콘셉트' 팬미팅도 수준 높네…신곡 'ETA' 첫 공개 - 뉴시스;https://news.google.com/rss/articles/CBMiQWh0dHBzOi8vbW9iaWxlLm5ld3Npcy5jb20vdmlldy5odG1sP2FyX2lkPU5JU1gyMDIzMDcwM18wMDAyMzYwODQ00gFFaHR0cHM6Ly9tb2JpbGUubmV3c2lzLmNvbS92aWV3X2FtcC5odG1sP2FyX2lkPU5JU1gyMDIzMDcwM18wMDAyMzYwODQ0?oc=5;2023-07-03 07:00:00;0;False;NotExecuted;;
[투자노트] ‘OMG’ 뉴진스가 돌아온다... 하이브에 쏠린 눈 - 조선비즈 - 조선비즈;https://news.google.com/rss/articles/CBMiVWh0dHBzOi8vYml6LmNob3N1bi5jb20vc3RvY2svYW5hbHlzaXMtcHJvc3BlY3QvMjAyMy8wNy8wMy9LVVkyS0FMNEZGQVBWSVEzUEhMQTVFVVBKQS_SAWRodHRwczovL2Jpei5jaG9zdW4uY29tL3N0b2NrL2FuYWx5c2lzLXByb3NwZWN0LzIwMjMvMDcvMDMvS1VZMktBTDRGRkFQVklRM1BITEE1RVVQSkEvP291dHB1dFR5cGU9YW1w?oc=5;2023-07-03 07:00:00;0;False;NotExecuted;;
뉴진스·엑소·엔믹스·정국·제베원까지, 7월 컴백 전쟁 - 노컷뉴스;https://news.google.com/rss/articles/CBMiKGh0dHBzOi8vd3d3Lm5vY3V0bmV3cy5jby5rci9uZXdzLzU5Njk1ODfSASpodHRwczovL20ubm9jdXRuZXdzLmNvLmtyL25ld3MvYW1wLzU5Njk1ODc?oc=5;2023-07-03 07:00:00;0;False;NotExecuted;;
Haerin gains attention for her glowing real-life beauty at NewJeans ... - allkpop;https://news.google.com/rss/articles/CBMifGh0dHBzOi8vd3d3LmFsbGtwb3AuY29tL2FydGljbGUvMjAyMy8wNy9oYWVyaW4tZ2FpbnMtYXR0ZW50aW9uLWZvci1oZXItZ2xvd2luZy1yZWFsLWxpZmUtYmVhdXR5LWF0LW5ld2plYW5zLWZhbm1lZXRpbmctZXZlbnTSAQA?oc=5;2023-07-03 05:01:34;1;False;NotExecuted;;
“Looks like another banger!”: Fans positively react to NewJeans’ unveiling new song ETA at fan meet - Sportskeeda;https://news.google.com/rss/articles/CBMihQFodHRwczovL3d3dy5zcG9ydHNrZWVkYS5jb20vcG9wLWN1bHR1cmUvbmV3cy1sb29rcy1saWtlLWFub3RoZXItYmFuZ2VyLWZhbnMtcG9zaXRpdmVseS1yZWFjdC1uZXdqZWFucy11bnZlaWxpbmctbmV3LXNvbmctZXRhLWZhbi1tZWV00gGJAWh0dHBzOi8vd3d3LnNwb3J0c2tlZWRhLmNvbS9hbXAvcG9wLWN1bHR1cmUvbmV3cy1sb29rcy1saWtlLWFub3RoZXItYmFuZ2VyLWZhbnMtcG9zaXRpdmVseS1yZWFjdC1uZXdqZWFucy11bnZlaWxpbmctbmV3LXNvbmctZXRhLWZhbi1tZWV0?oc=5;2023-07-02 07:00:00;1;False;NotExecuted;;
NewJeans' 'OMG' officially surpasses 400 million streams on Spotify - allkpop;https://news.google.com/rss/articles/CBMiaGh0dHBzOi8vd3d3LmFsbGtwb3AuY29tL2FydGljbGUvMjAyMy8wNy9uZXdqZWFucy1vbWctb2ZmaWNpYWxseS1zdXJwYXNzZXMtNDAwLW1pbGxpb24tc3RyZWFtcy1vbi1zcG90aWZ50gEA?oc=5;2023-07-02 00:36:24;1;False;NotExecuted;;
아옳이, 이혼 아픔 딛고 아이돌 데뷔하나…뉴진스 아니고 '뉴진숙' 변신 - 조선비즈 - 조선비즈;https://news.google.com/rss/articles/CBMiTmh0dHBzOi8vYml6LmNob3N1bi5jb20vZW50ZXJ0YWlubWVudC90di8yMDIzLzA3LzAxL0RYWEVPQzJaV1lERUVZSDZNUk1IVVA2NEpVL9IBXWh0dHBzOi8vYml6LmNob3N1bi5jb20vZW50ZXJ0YWlubWVudC90di8yMDIzLzA3LzAxL0RYWEVPQzJaV1lERUVZSDZNUk1IVVA2NEpVLz9vdXRwdXRUeXBlPWFtcA?oc=5;2023-07-01 07:00:00;0;False;NotExecuted;;
[Y뮤직] 오마이걸부터 뉴진스까지, 올여름 컴백 대전 '서머퀸'은? - YTN;https://news.google.com/rss/articles/CBMiMWh0dHBzOi8vd3d3Lnl0bi5jby5rci9fc24vMDExN18yMDIzMDcwMTA4MDAwMTc0MTPSAUNodHRwczovL20ueXRuLmNvLmtyL25ld3Nfdmlldy5hbXAucGhwP3BhcmFtPTAxMTdfMjAyMzA3MDEwODAwMDE3NDEz?oc=5;2023-07-01 07:00:00;0;False;NotExecuted;;
‘새로운 유전자’ 뉴진스 “K팝, 언어장벽 넘어 소통하는 매개체” - 조선일보;https://news.google.com/rss/articles/CBMiWGh0dHBzOi8vd3d3LmNob3N1bi5jb20vY3VsdHVyZS1saWZlL211c2ljX2NvbmNlcnQvMjAyMy8wNi8zMC9LMzVQWjZXNE5SRlpMTzJUVVFTVFRXN1NWWS_SAWdodHRwczovL3d3dy5jaG9zdW4uY29tL2N1bHR1cmUtbGlmZS9tdXNpY19jb25jZXJ0LzIwMjMvMDYvMzAvSzM1UFo2VzROUkZaTE8yVFVRU1RUVzdTVlkvP291dHB1dFR5cGU9YW1w?oc=5;2023-06-30 07:00:00;0;False;NotExecuted;;
[현장EN:]뉴진스 다음은 누구? '알유넥스트'가 보여줄 살아있는 개성 - 노컷뉴스;https://news.google.com/rss/articles/CBMiKGh0dHBzOi8vd3d3Lm5vY3V0bmV3cy5jby5rci9uZXdzLzU5NjkxMjDSASpodHRwczovL20ubm9jdXRuZXdzLmNvLmtyL25ld3MvYW1wLzU5NjkxMjA?oc=5;2023-06-30 07:00:00;0;False;NotExecuted;;
NewJeans to reportedly guest on IU's 'Palette' - allkpop;https://news.google.com/rss/articles/CBMiU2h0dHBzOi8vd3d3LmFsbGtwb3AuY29tL2FydGljbGUvMjAyMy8wNi9uZXdqZWFucy10by1yZXBvcnRlZGx5LWd1ZXN0LW9uLWl1cy1wYWxldHRl0gEA?oc=5;2023-06-29 21:13:16;1;False;NotExecuted;;
뉴진스 컴백 소식 - Marie Claire;https://news.google.com/rss/articles/CBMiKmh0dHBzOi8vd3d3Lm1hcmllY2xhaXJla29yZWEuY29tLz9wPTI5NTc5N9IBAA?oc=5;2023-06-29 07:20:15;0;False;NotExecuted;;
K-Pop's Rising Stars NewJeans Grace the Cover of V Magazine - dscene;https://news.google.com/rss/articles/CBMiPGh0dHBzOi8vd3d3LmRlc2lnbnNjZW5lLm5ldC8yMDIzLzA2L25ld2plYW5zLXYtbWFnYXppbmUuaHRtbNIBAA?oc=5;2023-06-29 07:00:00;1;False;NotExecuted;;
"NewJeans Will Reportedly Guest On IU's Talk Show ""Palette"" - Koreaboo";https://news.google.com/rss/articles/CBMiR2h0dHBzOi8vd3d3LmtvcmVhYm9vLmNvbS9uZXdzL25ld2plYW5zLXdpbGwtZ3Vlc3QtaXUtdGFsay1zaG93LXBhbGV0dGUv0gEA?oc=5;2023-06-29 07:00:00;1;False;NotExecuted;;
뉴진스, 이번엔 '비치 백'이다…소장 욕구 자극하는 앨범 구성 - 조선비즈 - 조선비즈;https://news.google.com/rss/articles/CBMiWWh0dHBzOi8vYml6LmNob3N1bi5jb20vZW50ZXJ0YWlubWVudC9lbnRlcl9nZW5lcmFsLzIwMjMvMDYvMjkvTE9YN1NZU1ZHM0c1QzZXNFZOQ0o0UDRDWkEv0gFoaHR0cHM6Ly9iaXouY2hvc3VuLmNvbS9lbnRlcnRhaW5tZW50L2VudGVyX2dlbmVyYWwvMjAyMy8wNi8yOS9MT1g3U1lTVkczRzVDNlc0Vk5DSjRQNENaQS8_b3V0cHV0VHlwZT1hbXA?oc=5;2023-06-29 07:00:00;0;False;NotExecuted;;
"뉴진스, 美 패션지 표지 장식..""빅뱅에 비유할 만큼 폭발적 등장"" [화보] - 미주중앙일보";https://news.google.com/rss/articles/CBMiTWh0dHBzOi8vbmV3cy5rb3JlYWRhaWx5LmNvbS8yMDIzLzA2LzI5L2xpZmUvYXJ0Y3VsdHVyZS8yMDIzMDYyOTE2MTMzNzQ4Ny5odG1s0gEA?oc=5;2023-06-29 07:00:00;0;False;NotExecuted;;
뉴진스, ‘CDP 가방’ 이어 ‘비치 백’ 신드롬 예고 - 조선일보;https://news.google.com/rss/articles/CBMiWmh0dHBzOi8vd3d3LmNob3N1bi5jb20vZW50ZXJ0YWlubWVudHMvZW50ZXJfZ2VuZXJhbC8yMDIzLzA2LzI5L0dHRllaUFZYVFJGSFZQNU5MWTRCUEtTRVBRL9IBaWh0dHBzOi8vd3d3LmNob3N1bi5jb20vZW50ZXJ0YWlubWVudHMvZW50ZXJfZ2VuZXJhbC8yMDIzLzA2LzI5L0dHRllaUFZYVFJGSFZQNU5MWTRCUEtTRVBRLz9vdXRwdXRUeXBlPWFtcA?oc=5;2023-06-29 07:00:00;0;False;NotExecuted;;
Makeup Brand Peripera Accused Of Plagiarizing NewJeans' Design ... - Koreaboo;https://news.google.com/rss/articles/CBMiU2h0dHBzOi8vd3d3LmtvcmVhYm9vLmNvbS9uZXdzL3BlcmlwZXJhLXBsYWdpYXJpc20tbmV3amVhbnMtcGhvbmluZy1hY2N1c2UtbmV0aXplbnMv0gEA?oc=5;2023-06-28 07:00:00;1;False;NotExecuted;;
The McDonald’s x NewJeans collab is now officially in stores nationwide - Lifestyle Asia Bangkok;https://news.google.com/rss/articles/CBMicGh0dHBzOi8vd3d3LmxpZmVzdHlsZWFzaWEuY29tL2JrL3doYXRzLW9uL25ld3Mtd2hhdHMtb24vbWNkb25hbGRzLW5ld2plYW5zLWNvbGxhYi1vZmZpY2lhbGx5LWluLXN0b3Jlcy10aGFpbGFuZC_SAXRodHRwczovL3d3dy5saWZlc3R5bGVhc2lhLmNvbS9iay93aGF0cy1vbi9uZXdzLXdoYXRzLW9uL21jZG9uYWxkcy1uZXdqZWFucy1jb2xsYWItb2ZmaWNpYWxseS1pbi1zdG9yZXMtdGhhaWxhbmQvYW1wLw?oc=5;2023-06-28 07:00:00;1;False;NotExecuted;;
뉴진스, 우아한 발레리나 변신…강렬한 비주얼 시너지 완성 - 조선비즈 - 조선비즈;https://news.google.com/rss/articles/CBMiWWh0dHBzOi8vYml6LmNob3N1bi5jb20vZW50ZXJ0YWlubWVudC9lbnRlcl9nZW5lcmFsLzIwMjMvMDYvMjgvS1dER1dUU09UM0s0SzVDRDRVQVdNUE9LTlUv0gFoaHR0cHM6Ly9iaXouY2hvc3VuLmNvbS9lbnRlcnRhaW5tZW50L2VudGVyX2dlbmVyYWwvMjAyMy8wNi8yOC9LV0RHV1RTT1QzSzRLNUNENFVBV01QT0tOVS8_b3V0cHV0VHlwZT1hbXA?oc=5;2023-06-28 07:00:00;0;False;NotExecuted;;
[사진]뉴진스 민지, '눈빛까지 하트' - 조선비즈 - 조선비즈;https://news.google.com/rss/articles/CBMiWWh0dHBzOi8vYml6LmNob3N1bi5jb20vZW50ZXJ0YWlubWVudC9lbnRlcl9nZW5lcmFsLzIwMjMvMDYvMjgvRU1NT1EyTk5GT1lMTFc0UVo3UDdXVENZR1Ev0gFoaHR0cHM6Ly9iaXouY2hvc3VuLmNvbS9lbnRlcnRhaW5tZW50L2VudGVyX2dlbmVyYWwvMjAyMy8wNi8yOC9FTU1PUTJOTkZPWUxMVzRRWjdQN1dUQ1lHUS8_b3V0cHV0VHlwZT1hbXA?oc=5;2023-06-28 07:00:00;0;False;NotExecuted;;
뉴진스 민지, 천사의 미소 [SE★포토] - 서울경제 - 서울경제신문;https://news.google.com/rss/articles/CBMiK2h0dHBzOi8vd3d3LnNlZGFpbHkuY29tL05ld3NWaWV3LzI5UjE1QlMwMFjSASxodHRwczovL20uc2VkYWlseS5jb20vTmV3c1ZpZXdBbXAvMjlSMTVCUzAwWA?oc=5;2023-06-28 07:00:00;0;False;NotExecuted;;
뉴진스, '음악산업 기대주 25인' 선정…신곡 티저 화제 - SBS 뉴스;https://news.google.com/rss/articles/CBMiOmh0dHBzOi8vbmV3cy5zYnMuY28ua3IvbmV3cy9lbmRQYWdlLmRvP25ld3NfaWQ9TjEwMDcyNDU2MjTSATdodHRwczovL25ld3Muc2JzLmNvLmtyL2FtcC9uZXdzLmFtcD9uZXdzX2lkPU4xMDA3MjQ1NjI0?oc=5;2023-06-28 07:00:00;0;False;NotExecuted;;
NewJeans members cosplay as fairies in hazy first concept photos for upcoming EP Get Up - PINKVILLA;https://news.google.com/rss/articles/CBMihwFodHRwczovL3d3dy5waW5rdmlsbGEuY29tL2VudGVydGFpbm1lbnQvbmV3amVhbnMtbWVtYmVycy1jb3NwbGF5LWFzLWZhaXJpZXMtaW4taGF6eS1maXJzdC1jb25jZXB0LXBob3Rvcy1mb3ItdXBjb21pbmctZXAtZ2V0LXVwLTEyMjc2ODnSAYsBaHR0cHM6Ly93d3cucGlua3ZpbGxhLmNvbS9lbnRlcnRhaW5tZW50L25ld2plYW5zLW1lbWJlcnMtY29zcGxheS1hcy1mYWlyaWVzLWluLWhhenktZmlyc3QtY29uY2VwdC1waG90b3MtZm9yLXVwY29taW5nLWVwLWdldC11cC0xMjI3Njg5P2FtcA?oc=5;2023-06-28 07:00:00;1;False;NotExecuted;;
[문화연예 플러스] 뉴진스, 롤링스톤 '음악 산업 기대주 25인' 선정 - MBC뉴스;https://news.google.com/rss/articles/CBMiRmh0dHBzOi8vaW1uZXdzLmltYmMuY29tL3JlcGxheS8yMDIzL253dG9kYXkvYXJ0aWNsZS82NDk3ODMyXzM2MjA3Lmh0bWzSAUZodHRwczovL2ltbmV3cy5pbWJjLmNvbS9yZXBsYXkvMjAyMy9ud3RvZGF5L2FydGljbGUvNjQ5NzgzMl8zNjIwOC5odG1s?oc=5;2023-06-28 07:00:00;0;False;NotExecuted;;
'컴백' 뉴진스, 이번엔 우아한 발레리나 - 조선비즈 - 조선비즈;https://news.google.com/rss/articles/CBMiWWh0dHBzOi8vYml6LmNob3N1bi5jb20vZW50ZXJ0YWlubWVudC9lbnRlcl9nZW5lcmFsLzIwMjMvMDYvMjgvVDRMR1ZaQktQRE1INTI2RTVBVEM0SlRNVFUv0gFoaHR0cHM6Ly9iaXouY2hvc3VuLmNvbS9lbnRlcnRhaW5tZW50L2VudGVyX2dlbmVyYWwvMjAyMy8wNi8yOC9UNExHVlpCS1BETUg1MjZFNUFUQzRKVE1UVS8_b3V0cHV0VHlwZT1hbXA?oc=5;2023-06-28 07:00:00;0;False;NotExecuted;;
[사진]뉴진스 민지, '복숭아 볼하트' - 조선비즈 - 조선비즈;https://news.google.com/rss/articles/CBMiWWh0dHBzOi8vYml6LmNob3N1bi5jb20vZW50ZXJ0YWlubWVudC9lbnRlcl9nZW5lcmFsLzIwMjMvMDYvMjgvUExSUENLQkY1WkJVTVpDQ05aV0ZIQ0I1TVUv0gFoaHR0cHM6Ly9iaXouY2hvc3VuLmNvbS9lbnRlcnRhaW5tZW50L2VudGVyX2dlbmVyYWwvMjAyMy8wNi8yOC9QTFJQQ0tCRjVaQlVNWkNDTlpXRkhDQjVNVS8_b3V0cHV0VHlwZT1hbXA?oc=5;2023-06-28 07:00:00;0;False;NotExecuted;;
"NewJeans Hit With New ""Plagiarism"" Allegations — Here's Why ... - Koreaboo";https://news.google.com/rss/articles/CBMiRWh0dHBzOi8vd3d3LmtvcmVhYm9vLmNvbS9uZXdzL25ld2plYW5zLWluZmluaXRlLWNoYWxsZW5nZS1wbGFnaWFyaXNtL9IBAA?oc=5;2023-06-27 07:00:00;1;False;NotExecuted;;
르세라핌 '안티프래자일'·뉴진스 '디토', 日 레코드협회 '플래티넘' - 뉴시스;https://news.google.com/rss/articles/CBMiQWh0dHBzOi8vbW9iaWxlLm5ld3Npcy5jb20vdmlldy5odG1sP2FyX2lkPU5JU1gyMDIzMDYyN18wMDAyMzUzODAz0gFFaHR0cHM6Ly9tb2JpbGUubmV3c2lzLmNvbS92aWV3X2FtcC5odG1sP2FyX2lkPU5JU1gyMDIzMDYyN18wMDAyMzUzODAz?oc=5;2023-06-27 07:00:00;0;False;NotExecuted;;
"뉴진스, 美 롤링스톤 'Future 25' 선정…""가장 빠르게 성장해"" - 뉴스핌";https://news.google.com/rss/articles/CBMiMGh0dHBzOi8vd3d3Lm5ld3NwaW0uY29tL25ld3Mvdmlldy8yMDIzMDYyNzAwMDY2MtIBMWh0dHBzOi8vbS5uZXdzcGltLmNvbS9uZXdzYW1wL3ZpZXcvMjAyMzA2MjcwMDA2NjI?oc=5;2023-06-27 07:00:00;0;False;NotExecuted;;
K-pop teen group NewJeans: Everything you need to know about the members, music and new songs - AS USA;https://news.google.com/rss/articles/CBMifmh0dHBzOi8vZW4uYXMuY29tL2VudGVydGFpbm1lbnQvay1wb3AtdGVlbi1ncm91cC1uZXdqZWFucy1ldmVyeXRoaW5nLXlvdS1uZWVkLXRvLWtub3ctYWJvdXQtdGhlLW1lbWJlcnMtbXVzaWMtYW5kLW5ldy1zb25ncy1uL9IBjQFodHRwczovL2VuLmFzLmNvbS9lbnRlcnRhaW5tZW50L2stcG9wLXRlZW4tZ3JvdXAtbmV3amVhbnMtZXZlcnl0aGluZy15b3UtbmVlZC10by1rbm93LWFib3V0LXRoZS1tZW1iZXJzLW11c2ljLWFuZC1uZXctc29uZ3Mtbi8_b3V0cHV0VHlwZT1hbXA?oc=5;2023-06-27 07:00:00;1;False;NotExecuted;;
NewJeans, Le Sserafim receive platinum certificate from Japanese ... - The Korea JoongAng Daily;https://news.google.com/rss/articles/CBMic2h0dHBzOi8va29yZWFqb29uZ2FuZ2RhaWx5LmpvaW5zLmNvbS8yMDIzLzA2LzI3L2VudGVydGFpbm1lbnQva3BvcC9OZXdKZWFucy1MZS1Tc2VyYWZpbS1sc2ZtLzIwMjMwNjI3MTU1NTA2ODA0Lmh0bWzSAQA?oc=5;2023-06-27 07:00:00;1;False;NotExecuted;;
NewJeans' Haerin Gains Attention For Her Elf-Like Visuals In “ASAP ... - Koreaboo;https://news.google.com/rss/articles/CBMiWGh0dHBzOi8vd3d3LmtvcmVhYm9vLmNvbS9uZXdzL25ld2plYW5zLWhlYXJpbmctYXNhcC1lbGYtZmFpcnktdmlzdWFscy1uZXRpemVuLXJlYWN0aW9ucy_SAQA?oc=5;2023-06-27 07:00:00;1;False;NotExecuted;;
NewJeans make Rolling Stone's 'Future 25' list - allkpop;https://news.google.com/rss/articles/CBMiU2h0dHBzOi8vd3d3LmFsbGtwb3AuY29tL2FydGljbGUvMjAyMy8wNi9uZXdqZWFucy1tYWtlLXJvbGxpbmctc3RvbmVzLWZ1dHVyZS0yNS1saXN00gEA?oc=5;2023-06-27 03:34:42;1;False;NotExecuted;;
“Has a lot more variety to offer”: NewJeans Hanni talks about what sets their new album apart in Rolling Stone Future 25 interview - Sportskeeda;https://news.google.com/rss/articles/CBMijgFodHRwczovL3d3dy5zcG9ydHNrZWVkYS5jb20vcG9wLWN1bHR1cmUvbmV3cy1oYXMtbG90LXZhcmlldHktb2ZmZXItbmV3amVhbnMtaGFubmktdGFsa3Mtc2V0cy1uZXctYWxidW0tYXBhcnQtcm9sbGluZy1zdG9uZS1mdXR1cmUtMjUtaW50ZXJ2aWV30gGSAWh0dHBzOi8vd3d3LnNwb3J0c2tlZWRhLmNvbS9hbXAvcG9wLWN1bHR1cmUvbmV3cy1oYXMtbG90LXZhcmlldHktb2ZmZXItbmV3amVhbnMtaGFubmktdGFsa3Mtc2V0cy1uZXctYWxidW0tYXBhcnQtcm9sbGluZy1zdG9uZS1mdXR1cmUtMjUtaW50ZXJ2aWV3?oc=5;2023-06-26 07:00:00;1;False;NotExecuted;;
V143: NewJeans - V Magazine - vmagazine.com;https://news.google.com/rss/articles/CBMiLGh0dHBzOi8vdm1hZ2F6aW5lLmNvbS9hcnRpY2xlL3YxNDMtbmV3amVhbnMv0gEA?oc=5;2023-06-26 07:00:00;1;False;NotExecuted;;
"""It's triggering here"": NewJeans comeback song ETA receives backlash from fans for its Spanish terrorist connection - Sportskeeda";https://news.google.com/rss/articles/CBMikAFodHRwczovL3d3dy5zcG9ydHNrZWVkYS5jb20vcG9wLWN1bHR1cmUvbmV3cy1pdC1zLXRyaWdnZXJpbmctaGVyZS1uZXdqZWFucy1jb21lYmFjay1zb25nLWV0YS1yZWNlaXZlcy1iYWNrbGFzaC1mYW5zLXNwYW5pc2gtdGVycm9yaXN0LWNvbm5lY3Rpb27SAZQBaHR0cHM6Ly93d3cuc3BvcnRza2VlZGEuY29tL2FtcC9wb3AtY3VsdHVyZS9uZXdzLWl0LXMtdHJpZ2dlcmluZy1oZXJlLW5ld2plYW5zLWNvbWViYWNrLXNvbmctZXRhLXJlY2VpdmVzLWJhY2tsYXNoLWZhbnMtc3BhbmlzaC10ZXJyb3Jpc3QtY29ubmVjdGlvbg?oc=5;2023-06-26 07:00:00;1;False;NotExecuted;;
The Exhilaratingly Fast Rise of NewJeans - Rolling Stone;https://news.google.com/rss/articles/CBMicmh0dHBzOi8vd3d3LnJvbGxpbmdzdG9uZS5jb20vbXVzaWMvbXVzaWMtZmVhdHVyZXMvbmV3amVhbnMtbmV3LW11c2ljLW1pbmppLWhhbm5pLWRhbmllbGxlLWhhZXJpbi1oeWVpbi0xMjM0NzcwODYzL9IBdmh0dHBzOi8vd3d3LnJvbGxpbmdzdG9uZS5jb20vbXVzaWMvbXVzaWMtZmVhdHVyZXMvbmV3amVhbnMtbmV3LW11c2ljLW1pbmppLWhhbm5pLWRhbmllbGxlLWhhZXJpbi1oeWVpbi0xMjM0NzcwODYzL2FtcC8?oc=5;2023-06-26 07:00:00;1;False;NotExecuted;;
코카콜라 코-크 스튜디오, 뉴진스×J.I.D 컬래버래이션 곡 'Zero' 공개 - 식품음료신문;https://news.google.com/rss/articles/CBMiPWh0dHBzOi8vd3d3LnRoaW5rZm9vZC5jby5rci9uZXdzL2FydGljbGVWaWV3Lmh0bWw_aWR4bm89OTgxMTLSAQA?oc=5;2023-06-21 07:00:00;0;False;NotExecuted;;
K-Pop Group NewJeans Open Up About Their 'Unbreakable' Bond ... - PEOPLE;https://news.google.com/rss/articles/CBMiVmh0dHBzOi8vcGVvcGxlLmNvbS9rcG9wLWdyb3VwLW5ld2plYW5zLXVuYnJlYWthYmxlLWJvbmQtZG9udC1oYXZlLW1hbnktc2VjcmV0cy03NTQ3NTQz0gEA?oc=5;2023-06-19 07:00:00;1;False;NotExecuted;;
뉴진스 다니엘과 오메가가 만났을 때 - 더블유 코리아;https://news.google.com/rss/articles/CBMiygFodHRwczovL3d3dy53a29yZWEuY29tLzIwMjMvMDYvMTkvJUVCJTg5JUI0JUVDJUE3JTg0JUVDJThBJUE0LSVFQiU4QiVBNCVFQiU4QiU4OCVFQyU5NyU5OCVFQSVCMyVCQy0lRUMlOTglQTQlRUIlQTklOTQlRUElQjAlODAlRUElQjAlODAtJUVBJUI3JUI4JUVCJUE2JUFDJUVCJThBJTk0LSVFQiVCOSU5QiVFQyU5RCU5OC0lRUMlODQlQjglRUElQjMlODQv0gEA?oc=5;2023-06-19 07:00:00;0;False;NotExecuted;;
'대세' 뉴진스 7월 컴백…'파워퍼프 걸'과 손잡는다 - 한겨레;https://news.google.com/rss/articles/CBMiQGh0dHBzOi8vd3d3LmhhbmkuY28ua3IvYXJ0aS9jdWx0dXJlL2N1bHR1cmVfZ2VuZXJhbC8xMDk2NTIwLmh0bWzSAQA?oc=5;2023-06-19 07:00:00;0;False;NotExecuted;;
콜라병 없애고 뉴진스만 노출했는데…코카콜라 제로 대박났다 - 한국일보;https://news.google.com/rss/articles/CBMiOmh0dHBzOi8vd3d3Lmhhbmtvb2tpbGJvLmNvbS9OZXdzL1JlYWQvQTIwMjMwNTI2MTUxNDAwMDEwODjSAQA?oc=5;2023-06-03 07:00:00;0;False;NotExecuted;;
뉴진스, 그래미 5관왕 존 바티스트와 협업 - 한겨레;https://news.google.com/rss/articles/CBMiQGh0dHBzOi8vd3d3LmhhbmkuY28ua3IvYXJ0aS9jdWx0dXJlL2N1bHR1cmVfZ2VuZXJhbC8xMDk0MTcwLmh0bWzSAQA?oc=5;2023-06-01 07:00:00;0;False;NotExecuted;;
뉴진스, 美 타임 '2023 차세대 리더' 선정...K팝 아티스트 유일 - 뉴스핌;https://news.google.com/rss/articles/CBMiMGh0dHBzOi8vd3d3Lm5ld3NwaW0uY29tL25ld3Mvdmlldy8yMDIzMDUyNTAwMDA0MNIBMWh0dHBzOi8vbS5uZXdzcGltLmNvbS9uZXdzYW1wL3ZpZXcvMjAyMzA1MjUwMDAwNDA?oc=5;2023-05-25 07:00:00;0;False;NotExecuted;;
뉴진스가 올해 여름 컴백한다 | Hypebeast.KR - HYPEBEAST;https://news.google.com/rss/articles/CBMiRmh0dHBzOi8vaHlwZWJlYXN0LmtyLzIwMjMvNS9uZXdqZWFucy1hcmUtbWFraW5nLWEtY29tZWJhY2stdGhpcy1zdW1tZXLSAQA?oc=5;2023-05-23 07:00:00;0;False;NotExecuted;;
8년 추적 '뽕' 들고 일본 가는 뉴진스 프로듀서 250 - 한겨레;https://news.google.com/rss/articles/CBMiQGh0dHBzOi8vd3d3LmhhbmkuY28ua3IvYXJ0aS9jdWx0dXJlL2N1bHR1cmVfZ2VuZXJhbC8xMDkyNzQ3Lmh0bWzSAQA?oc=5;2023-05-22 07:00:00;0;False;NotExecuted;;
Meet NewJeans, the Fastest Rising K-Pop Act on the Planet - W Magazine;https://news.google.com/rss/articles/CBMiW2h0dHBzOi8vd3d3LndtYWdhemluZS5jb20vY3VsdHVyZS9uZXdqZWFucy1rcG9wLW1pbmppLWhhbm5pLWhhZXJpbi1oeWVpbi1kYW5pZWxsZS1pbnRlcnZpZXfSAQA?oc=5;2023-05-17 07:00:00;1;False;NotExecuted;;
뉴진스 'OMG' 뮤비 130일 만에 1억 뷰 돌파…'Hype Boy' 이어 2번째 - 노컷뉴스;https://news.google.com/rss/articles/CBMiKGh0dHBzOi8vd3d3Lm5vY3V0bmV3cy5jby5rci9uZXdzLzU5NDI5NjfSASpodHRwczovL20ubm9jdXRuZXdzLmNvLmtyL25ld3MvYW1wLzU5NDI5Njc?oc=5;2023-05-14 07:00:00;0;False;NotExecuted;;
NewJeans Break Guinness World Record for Fastest K-Pop Act to Hit 1 Billion Spotify Streams - Billboard;https://news.google.com/rss/articles/CBMia2h0dHBzOi8vd3d3LmJpbGxib2FyZC5jb20vbXVzaWMvbXVzaWMtbmV3cy9uZXdqZWFucy1mYXN0ZXN0LWstcG9wLWFjdC0xLWJpbGxpb24tc3BvdGlmeS1zdHJlYW1zLTEyMzUzMjQ5MzMv0gFvaHR0cHM6Ly93d3cuYmlsbGJvYXJkLmNvbS9tdXNpYy9tdXNpYy1uZXdzL25ld2plYW5zLWZhc3Rlc3Qtay1wb3AtYWN0LTEtYmlsbGlvbi1zcG90aWZ5LXN0cmVhbXMtMTIzNTMyNDkzMy9hbXAv?oc=5;2023-05-08 07:00:00;1;False;NotExecuted;;
뉴진스 프로듀서 250, '뽕'으로 세종문화회관 선다 - 한겨레;https://news.google.com/rss/articles/CBMiNmh0dHBzOi8vd3d3LmhhbmkuY28ua3IvYXJ0aS9jdWx0dXJlL211c2ljLzEwOTA0MzUuaHRtbNIBAA?oc=5;2023-05-03 07:00:00;0;False;NotExecuted;;
K-Pop Star to Watch: NewJeans - Billboard;https://news.google.com/rss/articles/CBMiSmh0dHBzOi8vd3d3LmJpbGxib2FyZC5jb20vbXVzaWMvcG9wL25ld2plYW5zLWtwb3Atc3Rhci1wcm9maWxlLTEyMzUzMTAzOTgv0gFOaHR0cHM6Ly93d3cuYmlsbGJvYXJkLmNvbS9tdXNpYy9wb3AvbmV3amVhbnMta3BvcC1zdGFyLXByb2ZpbGUtMTIzNTMxMDM5OC9hbXAv?oc=5;2023-04-24 07:00:00;1;False;NotExecuted;;
올해 한대음 대상은 '뉴진스 아버지'다 - 하퍼스바자;https://news.google.com/rss/articles/CBMiKWh0dHBzOi8vaGFycGVyc2JhemFhci5jby5rci9hcnRpY2xlLzc2MzM30gEA?oc=5;2023-04-12 07:00:00;0;False;NotExecuted;;
How K-pop group NewJeans became an overnight fashion favorite - CNN;https://news.google.com/rss/articles/CBMiRmh0dHBzOi8vd3d3LmNubi5jb20vc3R5bGUvYXJ0aWNsZS9uZXdqZWFucy1rcG9wLWZhc2hpb24tYm9mL2luZGV4Lmh0bWzSAUpodHRwczovL2FtcC5jbm4uY29tL2Nubi9zdHlsZS9hcnRpY2xlL25ld2plYW5zLWtwb3AtZmFzaGlvbi1ib2YvaW5kZXguaHRtbA?oc=5;2023-04-07 07:00:00;1;False;NotExecuted;;
코카-콜라 제로 X 뉴진스, 컬래버레이션곡 'Zero' 오늘 공개 - 뉴스탭;https://news.google.com/rss/articles/CBMiOWh0dHA6Ly9tLm5ld3N0YXAuY28ua3IvbmV3cy9hcnRpY2xlVmlldy5odG1sP2lkeG5vPTE5MDA2ONIBAA?oc=5;2023-04-03 07:00:00;0;False;NotExecuted;;
[모델 계약] 코카콜라, '뉴진스'와 함께 '코카콜라 제로'의 색다른 짜릿함 ... - 매드타임스(MAD Times);https://news.google.com/rss/articles/CBMiOmh0dHBzOi8vd3d3Lm1hZHRpbWVzLm9yZy9uZXdzL2FydGljbGVWaWV3Lmh0bWw_aWR4bm89MTcyMDfSAQA?oc=5;2023-03-30 07:00:00;0;False;NotExecuted;;
뉴진스 장기집권 누가 깰까…아이브∙르세라핌∙에스파 컴백 - 한겨레;https://news.google.com/rss/articles/CBMiNmh0dHBzOi8vd3d3LmhhbmkuY28ua3IvYXJ0aS9jdWx0dXJlL211c2ljLzEwODU0ODYuaHRtbNIBAA?oc=5;2023-03-28 07:00:00;0;False;NotExecuted;;
월간중앙 - 중앙시사매거진;https://news.google.com/rss/articles/CBMiL2h0dHBzOi8vam1hZ2F6aW5lLmpvaW5zLmNvbS9tb250aGx5L3ZpZXcvMzM3NjEz0gEA?oc=5;2023-03-17 07:00:00;0;False;NotExecuted;;
앰버서더 콜렉터, 뉴진스가 모델인 브랜드 총정리 - 하퍼스바자;https://news.google.com/rss/articles/CBMiLWh0dHBzOi8vd3d3LmhhcnBlcnNiYXphYXIuY28ua3IvYXJ0aWNsZS83NTgwMdIBAA?oc=5;2023-03-14 07:00:00;0;False;NotExecuted;;
뉴진스 'OMG', 빌보드 핫100 79위…자체 신기록 - 한겨레;https://news.google.com/rss/articles/CBMiNmh0dHBzOi8vd3d3LmhhbmkuY28ua3IvYXJ0aS9jdWx0dXJlL211c2ljLzEwNzc4MTEuaHRtbNIBAA?oc=5;2023-02-01 08:00:00;0;False;NotExecuted;;
뉴진스, 빌보드 '핫 100' 진입…데뷔 6개월 만에 K팝 최단 기록 - 한겨레;https://news.google.com/rss/articles/CBMiNmh0dHBzOi8vd3d3LmhhbmkuY28ua3IvYXJ0aS9jdWx0dXJlL211c2ljLzEwNzYxNjcuaHRtbNIBAA?oc=5;2023-01-18 08:00:00;0;False;NotExecuted;;
뉴진스 “가자”는 악플러에게?…'OMG' 뮤비 논란 - 한겨레;https://news.google.com/rss/articles/CBMiNmh0dHBzOi8vd3d3LmhhbmkuY28ua3IvYXJ0aS9jdWx0dXJlL211c2ljLzEwNzQ2NjUuaHRtbNIBAA?oc=5;2023-01-06 08:00:00;0;False;NotExecuted;;
NewJeans Owned 2022. They’re Going Even Bigger in 2023 - Rolling Stone;https://news.google.com/rss/articles/CBMiZGh0dHBzOi8vd3d3LnJvbGxpbmdzdG9uZS5jb20vbXVzaWMvbXVzaWMtZmVhdHVyZXMvbmV3amVhbnMtbmV3LWFsYnVtLW9tZy1kaXR0by1pbnRlcnZpZXctMTIzNDY1MTM2MC_SAWhodHRwczovL3d3dy5yb2xsaW5nc3RvbmUuY29tL211c2ljL211c2ljLWZlYXR1cmVzL25ld2plYW5zLW5ldy1hbGJ1bS1vbWctZGl0dG8taW50ZXJ2aWV3LTEyMzQ2NTEzNjAvYW1wLw?oc=5;2022-12-26 08:00:00;1;False;NotExecuted;;
