title;link;published;redirect;redirectLink;articleImage;articleBody;keywords0;keywords1;keywords2;keywords3;keywords4;keywords5
뉴진스 ‘슈퍼 샤이’, 빌보드 ‘핫100’ 64위…자체 최고 - 동아일보;https://news.google.com/rss/articles/CBMiSWh0dHBzOi8vd3d3LmRvbmdhLmNvbS9uZXdzL0VudGVydGFpbm1lbnQvYXJ0aWNsZS9hbGwvMjAyMzA3MjYvMTIwNDExNjk5LzHSATdodHRwczovL3d3dy5kb25nYS5jb20vbmV3cy9hbXAvYWxsLzIwMjMwNzI2LzEyMDQxMTY5OS8x?oc=5;2023-07-25 15:32:00;True;https://www.donga.com/news/Entertainment/article/all/20230726/120411699/1;;;;;;;;
뉴진스 '슈퍼 샤이', 빌보드 '핫100' 64위…자체 최고 - 뉴시스;https://news.google.com/rss/articles/CBMiQWh0dHBzOi8vbW9iaWxlLm5ld3Npcy5jb20vdmlldy5odG1sP2FyX2lkPU5JU1gyMDIzMDcyNV8wMDAyMzkwMjM10gFFaHR0cHM6Ly9tb2JpbGUubmV3c2lzLmNvbS92aWV3X2FtcC5odG1sP2FyX2lkPU5JU1gyMDIzMDcyNV8wMDAyMzkwMjM1?oc=5;2023-07-25 15:00:00;True;https://mobile.newsis.com/view.html?ar_id=NISX20230725_0002390235;//image.newsis.com/2023/07/22/NISI20230722_0001322301_web.jpg?rnd=20230722102413;[서울=뉴시스] 뉴진스. 2023.07.22. (사진 = 어도어 제공) photo@newsis.com *재판매 및 DB 금지 [서울=뉴시스]이재훈 기자 = 신드롬 걸그룹 '뉴진스(NewJeans)'가 미니 2집 '겟 업(Get Up)' 선공개 싱글 '슈퍼 샤이(Super Shy)'로 미국 빌보드 메인 싱글차트 '핫100'에서 거듭 자체 최고 순위 기록을 쓰고 있다. 25일(현지시간) 빌보드 차트에 따르면, 뉴진스가 지난 7일 공개한 '겟 업' 트리플 타이틀곡 중 한곡인 '슈퍼 샤이'는 29일자 '톱 100'에서 64위를 차지했다. 해당 차트에 처음 진입한 지난 주 66위보다 두 계단 올랐다. '슈퍼 샤이'는 '디토(ditto)', '오엠지(OMG)'에 이어 뉴진스의 '핫100' 진입 세 번째 곡이다. '디토'와 'OMG'는 각각 이 차트에 5주와 6주간 머물며 저마다 최고순위 82위와 74위를 찍었다. '슈퍼 샤이'는 이미 두 곡의 최고 순위는 넘겼다. 지금과 같은 기세라면, 뉴진스의 곡 중 '핫100' 최장 진입 기록을 쓸 것으로 예상된다. 데뷔 1주년을 갓 넘긴 뉴진스는 이번 '슈퍼 샤이'의 '핫100' 진입으로 데뷔 이후 가장 빠른 시간에 해당 차트에 3곡을 진입시킨 K팝 그룹이 됐다. '슈퍼 샤이'는 이번 주 빌보드 글로벌 차트에서도 호성적을 거뒀다. '글로벌 200' 5위와 '글로벌(미국 제외)' 3위를 차지했다. 지난주 두 차트서 2위로 진입한 데 이어 2주차에도 상위권에 안착했다. 지난 21일 발매된 뉴진스 미니 2집 '겟 업(Get Up)'에 실린 또 다른 타이틀곡들인 'ETA'와 '쿨 위드 유'가 8월5일 자 '핫100'에 진입할 가능성이 크다. 이에 따라 뉴진스가 '핫100'에 3곡을 동시에 올릴 지 관심이 크다. 지금까지 빌보드 '핫 100'에 2곡을 동시에 올려놓은 K-팝 걸그룹은 '블랙핑크'와 '뉴진스' 딱 두 팀이다. 3곡 이상 동시 진입은 K-팝 남녀 아티스트 통틀어 글로벌 슈퍼 그룹 '방탄소년단'(BTS)뿐이다. ◎공감언론 뉴시스 realpaper7@newsis.com;"['가능성' '가장' '각각' '거듭' '걸그룹' '계단' '공감' '공개' '관심' '그룹' '글로벌' '금지' '기록' '기세'
 '기자' '남녀' '뉴시스' '뉴진스' '다른' '데뷔' '동시' '디토' '라면' '메인' '미국' '미니' '발매'
 '방탄소년단' '블랙' '빌보드' '사진' '상위' '샤이' '서울' '선공' '순위' '슈퍼' '시간' '신드롬' '싱글'
 '싱글차트' '아티스트' '어도' '언론' '예상' '오엠' '위드' '위로' '이번' '이상' '이재훈' '이후' '자체'
 '재판매' '제공' '제외' '주간' '주년' '주차' '지금' '지난' '지난주' '진입' '차지' '차트' '처음' '최고'
 '타이틀곡' '통틀어' '트리플' '핑크' '해당' '현지' '호성']";['싱글차트', '데뷔', '서울', '타이틀곡', '방탄소년단'];['제공', '핑크', '싱글차트', '서울', '방탄소년단'];['제공', '핑크', '싱글차트', '서울', '방탄소년단'];['방탄소년단', '서울', '타이틀곡', '싱글차트', '걸그룹'];['방탄소년단', '언론', '남녀', '가능성', '재판매']
블랙핑크, 뉴진스의 그 패션…‘블록코어’에 열광하는 MZ세대 - 세계일보;https://news.google.com/rss/articles/CBMiJ2h0dHBzOi8vbS5zZWd5ZS5jb20vdmlldy8yMDIzMDcyNTUwOTgzMNIBKmh0dHBzOi8vbS5zZWd5ZS5jb20vYW1wVmlldy8yMDIzMDcyNTUwOTgzMA?oc=5;2023-07-25 12:00:00;True;https://m.segye.com/view/20230725509830;;;;;;;;
"""블랙핑크·뉴진스도 달고 다녀요""…2030女 열광한 제품 [여기잇슈] - 한국경제";https://news.google.com/rss/articles/CBMiM2h0dHBzOi8vd3d3Lmhhbmt5dW5nLmNvbS9saWZlL2FydGljbGUvMjAyMzA3MjUwOTYxN9IBL2h0dHBzOi8vd3d3Lmhhbmt5dW5nLmNvbS9saWZlL2FtcC8yMDIzMDcyNTA5NjE3?oc=5;2023-07-25 11:00:01;True;https://www.hankyung.com/life/article/2023072509617;;;;;;;;
뉴진스 뮤비에 살해 장면?… 감독이 직접 밝힌 'ETA' 뮤직비디오 해석 - 아시아투데이;https://news.google.com/rss/articles/CBMiOmh0dHBzOi8vd3d3LmFzaWF0b2RheS5jby5rci92aWV3LnBocD9rZXk9MjAyMzA3MjUwMDE3MjAwOTHSAQA?oc=5;2023-07-25 08:30:32;True;https://www.asiatoday.co.kr/view.php?key=20230725001720091;https://img.asiatoday.co.kr/file/2023y/07m/25d/20230725001720091_1.jpg;"0 뉴진스 'ETA' 뮤직비디오 / 이하 사진=유튜브 'HYBE LABELS' 뉴진스의 신곡 'ETA' 뮤직비디오에 대한 해석이 분분한 가운데, 연출을 맡은 감독이 직접 작품을 이해하는 방향을 잡아주는 해석을 내놓았다. 돌고래유괴단 신우석 감독은 지난 24일 한 네티즌의 질문에 직접 인스타그램 DM(다이렉트 메시지) 답변을 보내 뉴진스의 'ETA' 뮤직비디오의 큰 주제를 밝혔다. 그는 ""작품에 대해 구구절절 설명하는 것을 좋아하지 않아 구체적으로 설명해 드리긴 어렵다""고 하면서도 ""'ETA'는 결국 '소문'에 대한 이야기를 하고 싶었다. 현대사회에서 우리는 직접 보지 않은 사실을 많은 경로를 통해 정보로 접하고 판단한다. 그 과정에 많은 사실이 변질되고, 과장된다. 극 중에서 소문을 전하던 뉴진스도 그것에 노출되어 있다""고 밝혔다. 1 그러면서 ""뮤직비디오의 타임라인을 잘 보면 운전하는 여자와 통화를 하는 뉴진스 사이에 시간대가 맞지 않다. 처음부터 휴대폰 옆에 놓여 있는 머리 끈은 극이 진행된 후에야 등장한다. 여자는 이미 남자를 살해한 후이고, 시체를 처리하러 향하는 길이었던 것"", ""실제로 남자가 부정한 행동을 저질렀는지는 보이지 않는다. 키스 장면은 여자가 전화를 받지 않은 후부터 보인 망상"" 등 내용을 정리했다. 끝으로 ""우리는 너무 많은 정보에 노출돼 있다. 하지만 그 진위에 대해서 생각하지 않고, 누군가에게 전한다""고 뮤직비디오에 담고자 했던 메시지를 한마디로 설명했다. 0 사진=애플 뉴진스의 'ETA' 뮤직비디오는 애플의 아이폰14 프로로 촬영됐다. 뮤직비디오에서는 뉴진스 멤버들이 파티에서 친구의 남자친구가 낯선 여자와 함께 있는 장면을 목격하면서 시작된다. 뉴진스 멤버들은 파티에서 공연하면서도 틈틈이 그의 동태를 아이폰으로 찍어 친구에게 실시간 상황을 공유하고, 친구는 분노에 찬 상태로 차를 몰고 어딘가로 향한다. 뮤직비디오 말미에는 뉴진스의 친구가 살해를 저질렀다고 추정할 수도 있는 장면이 전해지기도 한다. 1 'ETA'는 도착 예정 시간(Estimated Time of Arrival)의 줄임말이다. 브레이크 비트에 파벨라 펑크(Favela Funk)를 더한 신나는 노래로, 친구와 대화를 나누는 듯한 친근한 가사와 멤버들 특유의 감성이 담긴 멜로디 랩이 인상적이다. 250이 작곡, 래퍼 빈지노가 작사에 참여했다. 한편 뉴진스의 미니 2집 'Get Up'에는 트리플 타이틀곡 'Super Shy', 'ETA', 'Cool With You'를 비롯해 프롤로그곡 'New Jeans', 인터루드곡 'Get Up', 에필로그곡 'ASAP' 등 총 6곡이 담겼다. 0 돌고래유괴단 신우석 감독 / 사진=tvN '유 퀴즈 온 더 블럭'";"['가사' '가운데' '감독' '감성' '경로' '공연' '공유' '과장' '과정' '구체' '그것' '기도' '남자' '남자친구'
 '낯선' '내용' '네티즌' '노래' '노출' '누군가' '뉴진스' '다이렉트' '답변' '대한' '대해' '대화' '도착'
 '돌고래' '동태' '등장' '라인' '래퍼' '루드' '말미' '망상' '머리' '메시지' '멜로디' '멤버' '목격'
 '뮤직비디오' '미니' '방향' '변질' '보이지' '보지' '부정' '분노' '브레이크' '블럭' '비롯' '비트' '빈지노'
 '사실' '사이' '사진' '사회' '살해' '상태' '상황' '생각' '설명' '소문' '수도' '시간' '시간대' '시작'
 '시체' '신곡' '신우석' '실시간' '실제' '아이폰' '애플' '어딘가' '에필로그' '여자' '연출' '예정' '우리'
 '운전' '유괴' '유튜브' '이야기' '이하' '이해' '인상' '인스타그램' '인터' '작곡' '작사' '작품' '장면'
 '전화' '절절' '정리' '정보' '주제' '지난' '직접' '진위' '진행' '질문' '참여' '처리' '처음' '촬영'
 '추정' '친구' '퀴즈' '키스' '타이틀곡' '타임' '통해' '통화' '트리플' '특유' '틈틈이' '파벨라' '파티'
 '판단' '펑크' '프로' '프롤로그' '한마디' '한편' '해석' '행동' '휴대폰']";['네티즌', '행동', '퀴즈', '유튜브', '뮤직비디오'];['질문', '네티즌', '행동', '유튜브', '뮤직비디오'];['질문', '네티즌', '행동', '유튜브', '뮤직비디오'];['뮤직비디오', '네티즌', '행동', '질문', '유튜브'];['뮤직비디오', '분노', '네티즌', '기도', '유괴']
뉴진스 해린, 17살의 '필수' 뷰티 아이템은? - 스포츠월드;https://news.google.com/rss/articles/CBMiM2h0dHA6Ly93d3cuc3BvcnRzd29ybGRpLmNvbS9uZXdzVmlldy8yMDIzMDcyNTUxNTUxNNIBAA?oc=5;2023-07-25 08:00:01;True;http://www.sportsworldi.com/newsView/20230725515514;//img.sportsworldi.com/content/image/2023/07/25/20230725515513.jpg;사진=유튜브 채널 ‘COSMOPOLITAN Korea’ 그룹 뉴진스 멤버 해린이 자신의 뷰티 아이템을 소개했다. 24일 유튜브 채널 ‘COSMOPOLITAN Korea’에는 ‘아기 고양이 코스모 등판이요. 해린의 Super Shy한 잔망 줌터뷰ㅣ뉴진스ㅣ해린ㅣ줌터뷰’라는 제목의 영상이 게재됐다. 영상 속 해린은 여러 질문에 답하며 인터뷰 시간을 가졌다. 그중 해린은 자신의 필수 뷰티 아이템을 소개했다. 그는 립글로스를 꼽으며 “입술이 건조한 편이어서 립 글로우를 많이 쓴다. 또 글로시 립을 좋아해서 글로스로 마무리를 해주면 예뻐서 좋아한다”고 덧붙였다. 또한 해린은 숙소에서는 주로 “영상을 본다”고 말했다. 그러면서 “자기 전에 씻고, 로션 바르고 준비하는 시간이 있지 않나. 그 시간에 영상을 보면서 잘 준비를 하면 뭔가 힐링이다”라고 설명했다. 한편 해린이 속한 그룹 뉴진스는 21일 미니 2집 ‘Get Up’을 발표, 타이틀 고 ‘Super Shy’로 활동 중이다. 박민지 온라인 기자 [ⓒ 세계비즈앤스포츠월드 & sportsworldi.com, 무단전재 및 재배포 금지];"['게재' '고양이' '그룹' '금지' '기자' '꼽으' '뉴진스' '또한' '로션' '로스' '로시' '로우' '립글로스'
 '마무리' '멤버' '무단' '뭔가' '미니' '박민지' '발표' '배포' '뷰티' '비즈' '사진' '설명' '세계' '소개'
 '숙소' '스포츠월드' '시간' '아기' '아이템' '여러' '영상' '온라인' '유튜브' '인터뷰' '입술' '자기' '자신'
 '잔망' '제목' '주로' '준비' '줌터뷰' '중이' '질문' '채널' '코스모' '타이틀' '판이' '필수' '한편' '해린'
 '활동' '힐링']";['뷰티', '고양이', '온라인', '유튜브', '인터뷰'];['기자', '질문', '고양이', '유튜브', '인터뷰'];['기자', '질문', '고양이', '유튜브', '인터뷰'];['인터뷰', '고양이', '유튜브', '뷰티', '온라인'];['인터뷰', '고양이', '유튜브', '박민지', '입술']
아이폰14프로로 찍은 뉴진스 'ETA' 뮤비… 돌고래유괴단 신우석 감독 ... - Brand Brief - 브랜드브리프;https://news.google.com/rss/articles/CBMiPWh0dHBzOi8vd3d3LmJyYW5kYnJpZWYuY28ua3IvbmV3cy9hcnRpY2xlVmlldy5odG1sP2lkeG5vPTYxNTjSAQA?oc=5;2023-07-25 07:58:08;True;https://www.brandbrief.co.kr/news/articleView.html?idxno=6158;/news/photo/member/muse_20201013043654.jpg;애플, 아아폰14프로로 촬영한 뉴진스(NewJeans) 'ETA' 뮤직비디오 공개 Shot on iPhone 캠페인 일환 돌고래유괴단 신우석 감독 촬영, '쿨 위드 유' 뮤비 연출도 맡아 애플의 아이폰14프로로 촬영한 뉴진스(NewJeans)의 신곡 'ETA' 뮤직비디오가 화제를 모으고 있다. 25일 업계에 따르면 애플은 '샷 온 아이폰(Shot on iPhone)' 캠페인의 일환으로 뉴진스의 미니 2집 '겟 업'(Get Up)의 트리플 타이틀곡 중 하나인 'ETA(Estimated Time of Arrival)' 뮤직비디오를 촬영한 영상을 공개했다. 'ETA' 뮤직비디오는 뉴진스(민지, 하니, 다니엘, 해린, 혜인) 멤버들이 파티장 안에서 친구의 남자친구가 낯선 여자에게 다가가는 장면을 목격하면서 시작된다. 멤버들은 그의 동태를 아이폰으로 찍어 친구에게 실시간 상황을 공유하고, 분노한 친구가 차를 몰아 현장으로 달려가는 스토리로 이어진다. 강렬하고 빠른 'ETA' 비트에 맞춰 역동적인 퍼포먼스를 선보이는 뉴진스 멤버들을 돌고래유괴단 신우석 감독이 아이폰14프로로 담아낸다. 신우석 감독은 아이폰14프로의 '액션 모드'를 사용해 흔들리는 카메라로 안정적인 뮤직비디오 영상을 촬영해냈다. 'ETA' 뮤직비디오의 모든 촬영은 아이폰14프로로만 진행됐다. 캠페인의 마지막 장면에는 뉴진스를 상징하는 토끼 캐릭터가 애플의 사과 로고로 변하는 귀여운 모습이 담겨있다. 한편 'ETA'는 브레이크 비트에 파벨라 펑크(Favela Funk)를 더한 신나는 노래로, 친구와 대화를 나누는 듯한 친근한 가사와 멤버들 특유의 감성이 담긴 멜로디 랩이 인상적이다. 250이 작곡, 래퍼 빈지노가 작사에 참여했다. 신우석 감독은 뉴진스의 메가 히트곡인 '디토 Ditto'와 'OMG'로 앞서 호흡을 맞췄으며, 이번 신규 앨범의 또 다른 타이틀곡인 '쿨 위드 유 Cool With You' 뮤직비디오 연출도 맡았다. 저작권자 © Brand Brief - 브랜드브리프 무단전재 및 재배포 금지 김수경 다른기사 보기;"['가사' '감독' '감성' '공개' '공유' '금지' '기사' '김수경' '남자친구' '낯선' '노래' '뉴진스' '다니엘'
 '다른' '대화' '돌고래' '동태' '디토' '래퍼' '로고' '로만' '마지막' '멜로디' '멤버' '모드' '모든' '모습'
 '목격' '무단' '뮤비' '뮤직비디오' '미니' '민지' '배포' '보기' '브랜드' '브레이크' '브리프' '비트' '빈지노'
 '사과' '사용' '상징' '상황' '스토리' '시작' '신곡' '신규' '신우석' '실시간' '아아' '아이폰' '안정' '앞서'
 '애플' '액션' '앨범' '업계' '여자' '연출' '영상' '위드' '유괴' '이번' '인상' '일환' '작곡' '작사'
 '장면' '저작권' '진행' '참여' '촬영' '친구' '카메라' '캐릭터' '캠페인' '타이틀곡' '토끼' '트리플' '특유'
 '파벨라' '파티' '퍼포먼스' '펑크' '프로' '하나' '하니' '한편' '해린' '현장' '혜인' '호흡' '화제' '히트']";['카메라', '영상', '뮤직비디오', '애플', '아이폰'];['신규', '영상', '뮤직비디오', '애플', '아이폰'];['신규', '영상', '뮤직비디오', '애플', '아이폰'];['아이폰', '뮤직비디오', '애플', '타이틀곡', '카메라'];['아이폰', '업계', '토끼', '유괴', '영상']
위버스, 뉴진스·투모로우바이투게더 라이브 공연 생중계 한다 - ZD넷 코리아;https://news.google.com/rss/articles/CBMiK2h0dHBzOi8vemRuZXQuY28ua3Ivdmlldy8_bm89MjAyMzA3MjUxNDU2NDPSAQA?oc=5;2023-07-25 06:05:02;False;RequestException;;;;;;;;
뉴진스 미니 2집 '겟 업', 美 피치포크 평점 역대 K팝 앨범 2위 - 뉴스핌;https://news.google.com/rss/articles/CBMiMGh0dHBzOi8vd3d3Lm5ld3NwaW0uY29tL25ld3Mvdmlldy8yMDIzMDcyNTAwMDY1NNIBMWh0dHBzOi8vbS5uZXdzcGltLmNvbS9uZXdzYW1wL3ZpZXcvMjAyMzA3MjUwMDA2NTQ?oc=5;2023-07-25 04:46:00;True;https://www.newspim.com/news/view/20230725000654;;;;;;;;
뉴진스, 美피치포크 평점 역대‥테일러 스위프트 보다 높다 - MBC뉴스;https://news.google.com/rss/articles/CBMiQmh0dHBzOi8vaW1uZXdzLmltYmMuY29tL25ld3MvMjAyMy9lbnRlci9hcnRpY2xlLzY1MDcyODBfMzYxNjEuaHRtbNIBQmh0dHBzOi8vaW1uZXdzLmltYmMuY29tL25ld3MvMjAyMy9lbnRlci9hcnRpY2xlLzY1MDcyODBfMzYxNjIuaHRtbA?oc=5;2023-07-25 02:35:54;True;https://imnews.imbc.com/news/2023/enter/article/6507280_36161.html;;;;;;;;
美 평론지, 뉴진스 호평...테일러 스위프트 앨범 평점 넘었다 - MHN스포츠;https://news.google.com/rss/articles/CBMiOGh0dHBzOi8vd3d3Lm1obnNlLmNvbS9uZXdzL2FydGljbGVWaWV3Lmh0bWw_aWR4bm89MjA1MDcy0gE7aHR0cHM6Ly93d3cubWhuc2UuY29tL25ld3MvYXJ0aWNsZVZpZXdBbXAuaHRtbD9pZHhubz0yMDUwNzI?oc=5;2023-07-25 02:35:00;True;https://www.mhnse.com/news/articleView.html?idxno=205072;;;;;;;;
뉴진스가 진짜 무서운 이유는요…전문가가 본 돌풍 원인 - 한겨레;https://news.google.com/rss/articles/CBMiQGh0dHBzOi8vd3d3LmhhbmkuY28ua3IvYXJ0aS9jdWx0dXJlL2N1bHR1cmVfZ2VuZXJhbC8xMTAxNTc2Lmh0bWzSAQA?oc=5;2023-07-24 23:00:25;True;https://www.hani.co.kr/arti/culture/culture_general/1101576.html;;;;;;;;
글로벌 차트 접수…뉴진스 돌풍 비밀은 - 쿠키뉴스;https://news.google.com/rss/articles/CBMiMWh0dHBzOi8vd3d3Lmt1a2luZXdzLmNvbS9uZXdzVmlldy9rdWsyMDIzMDcyNDAyNDDSAQA?oc=5;2023-07-24 21:00:30;True;https://www.kukinews.com/newsView/kuk202307240240;;;;;;;;
아이유가 데뷔했을때 ‘뉴진스 막내’ 혜인은 태어났다고? 한 앵글서 보니 더 믿기지 않네! - 조선일보;https://news.google.com/rss/articles/CBMiWmh0dHBzOi8vd3d3LmNob3N1bi5jb20vZW50ZXJ0YWlubWVudHMvZW50ZXJfZ2VuZXJhbC8yMDIzLzA3LzI1LzRXQVNYSEtKMjNJU0szTktQM1pRWDJZVlJNL9IBaWh0dHBzOi8vd3d3LmNob3N1bi5jb20vZW50ZXJ0YWlubWVudHMvZW50ZXJfZ2VuZXJhbC8yMDIzLzA3LzI1LzRXQVNYSEtKMjNJU0szTktQM1pRWDJZVlJNLz9vdXRwdXRUeXBlPWFtcA?oc=5;2023-07-24 19:27:19;True;https://www.chosun.com/entertainments/enter_general/2023/07/25/4WASXHKJ23ISK3NKP3ZQX2YVRM/;;;;;;;;
뉴진스가 고른 나이키 스니커즈는? 7월 넷째 주의 패션 인스타그램 - 보그 코리아;https://news.google.com/rss/articles/CBMi4AFodHRwczovL3d3dy52b2d1ZS5jby5rci8yMDIzLzA3LzI0LyVFQiU4OSVCNCVFQyVBNyU4NCVFQyU4QSVBNCVFQSVCMCU4MC0lRUElQjMlQTAlRUIlQTUlQjgtJUVCJTgyJTk4JUVDJTlEJUI0JUVEJTgyJUE0LSVFQyU4QSVBNCVFQiU4QiU4OCVFQyVCQiVBNCVFQyVBNiU4OCVFQiU4QSU5NC03JUVDJTlCJTk0LSVFQiU4NCVCNyVFQyVBNyVCOC0lRUMlQTMlQkMlRUMlOUQlOTgtJUVEJThDJUE4L9IBAA?oc=5;2023-07-24 08:49:44;True;https://www.vogue.co.kr/2023/07/24/%EB%89%B4%EC%A7%84%EC%8A%A4%EA%B0%80-%EA%B3%A0%EB%A5%B8-%EB%82%98%EC%9D%B4%ED%82%A4-%EC%8A%A4%EB%8B%88%EC%BB%A4%EC%A6%88%EB%8A%94-7%EC%9B%94-%EB%84%B7%EC%A7%B8-%EC%A3%BC%EC%9D%98-%ED%8C%A8/;;;;;;;;
'뉴진스·르세라핌 긴장해' 엔터 빅4, 대형신인 출격 - 서울경제 - 서울경제신문;https://news.google.com/rss/articles/CBMiK2h0dHBzOi8vd3d3LnNlZGFpbHkuY29tL05ld3NWaWV3LzI5Uzk5OUhGUUnSASxodHRwczovL20uc2VkYWlseS5jb20vTmV3c1ZpZXdBbXAvMjlTOTk5SEZRSQ?oc=5;2023-07-24 08:46:54;True;https://www.sedaily.com/NewsView/29S999HFQI;;;;;;;;
외식업계 아이돌 마케팅 봇물, 르세라핌ㆍ뉴진스ㆍ아이브 등 활약 ... - 테넌트뉴스;https://news.google.com/rss/articles/CBMiI2h0dHA6Ly90bm5ld3MuY28ua3IvYXJjaGl2ZXMvMTQ2MDE10gEA?oc=5;2023-07-24 06:03:36;True;http://tnnews.co.kr/archives/146015;;;;;;;;
BTS 갤럭시·뉴진스 아이폰…삼성·애플, 스타 마케팅 후끈 - BTS 갤럭시 ... - FETV;https://news.google.com/rss/articles/CBMiMGh0dHBzOi8vZmV0di5jby5rci9tb2JpbGUvYXJ0aWNsZS5odG1sP25vPTE0NDAyOdIBAA?oc=5;2023-07-24 00:50:58;True;https://fetv.co.kr/mobile/article.html?no=144029;;;;;;;;
[특징주] BTS 정국이 끌고 뉴진스가 밀고… 하이브, 2% 강세 - 조선비즈 - 조선비즈;https://news.google.com/rss/articles/CBMiUGh0dHBzOi8vYml6LmNob3N1bi5jb20vc3RvY2svbWFya2V0X3RyZW5kLzIwMjMvMDcvMjQvSklaTE4zR0RSTkZYSk03UjJFWlJBNTRWTFEv0gFfaHR0cHM6Ly9iaXouY2hvc3VuLmNvbS9zdG9jay9tYXJrZXRfdHJlbmQvMjAyMy8wNy8yNC9KSVpMTjNHRFJORlhKTTdSMkVaUkE1NFZMUS8_b3V0cHV0VHlwZT1hbXA?oc=5;2023-07-24 00:47:00;True;https://biz.chosun.com/stock/market_trend/2023/07/24/JIZLN3GDRNFXJM7R2EZRA54VLQ/;;;;;;;;
‘인기가요’ 뉴진스, ‘Super Shy’로 1위..NCT DREAM 컴백 [종합] - 조선비즈 - 조선비즈;https://news.google.com/rss/articles/CBMiWWh0dHBzOi8vYml6LmNob3N1bi5jb20vZW50ZXJ0YWlubWVudC9lbnRlcl9nZW5lcmFsLzIwMjMvMDcvMjMvNERSUzNFUU9QQkJUUFVFVlRFN05QTTdUTFEv0gFoaHR0cHM6Ly9iaXouY2hvc3VuLmNvbS9lbnRlcnRhaW5tZW50L2VudGVyX2dlbmVyYWwvMjAyMy8wNy8yMy80RFJTM0VRT1BCQlRQVUVWVEU3TlBNN1RMUS8_b3V0cHV0VHlwZT1hbXA?oc=5;2023-07-23 07:46:00;True;https://biz.chosun.com/entertainment/enter_general/2023/07/23/4DRS3EQOPBBTPUEVTE7NPM7TLQ/;;;;;;;;
"""역시 뉴진스""..한중일→미국...글로벌 차트 공략 Again! - 하퍼스바자";https://news.google.com/rss/articles/CBMiLWh0dHBzOi8vd3d3LmhhcnBlcnNiYXphYXIuY28ua3IvYXJ0aWNsZS83OTM3OdIBAA?oc=5;2023-07-23 07:27:30;True;https://www.harpersbazaar.co.kr/article/79379;;;;;;;;
K팝 대표 걸그룹 된 뉴진스, 양조위에 애플도 끌어낸 민희진 파워에 시선집중 - 비즈니스포스트;https://news.google.com/rss/articles/CBMiQWh0dHBzOi8vd3d3LmJ1c2luZXNzcG9zdC5jby5rci9CUD9jb21tYW5kPWFydGljbGVfdmlldyZudW09MzIyMDM30gEA?oc=5;2023-07-23 07:13:49;True;https://www.businesspost.co.kr/BP?command=article_view&num=322037;https://www.businesspost.co.kr/news/photo/202307/20230723160506_60227.jpg;▲ 뉴진스의 신곡 'ETA'는 애플의 아이폴14프로로 촬영됐다. 애플이 국내 아이돌그룹과 협업한 첫 번째 사례다. <애플> [비즈니스포스트] 앨범 선주문 172만 장, 빌보드 메인 싱글차트 세 번째 입성, 여기에 출연료 100억 원 글로벌 대스타의 뮤직비디오 무료 출연과 글로벌 빅테크기업 애플과 협업까지. 걸그룹 뉴진스의 위상이 급부상하면서 이들을 키운 민희진 어도어 대표와 어도어를 설립한 하이브에 관심이 쏠리고 있다. 23일 엔터테인먼트업계에서는 데뷔 2년차에 접어든 뉴진스의 성장세가 국내 걸그룹 가운데 가장 두드러진다는 시선을 보내고 있다. 이날 기준 멜론, 지니, 벅스 등 국내 음원플랫폼을 보면 뉴진스의 신곡 ‘슈퍼 샤이(Super Shy)’가 음원순위 1위를 석권했다. ‘슈퍼 샤이’는 뉴진스의 미니2집 ‘겟 업(Get Up)’의 타이틀곡으로 이번달 7일 선공개됐다. ‘겟 업’은 7월21일 정식 발매됐는데 20일까지 선주문량 172만 장을 돌파했다. 역대 걸그룹 3위에 해당하는 기록이다. 이로써 뉴진스는 데뷔앨범 세 앨범 연속으로 판매량 100만 장을 돌파했다. ▲ 뉴진스를 키워낸 민희진 어도어 대표에게 관심이 쏠리고 있다. 최근 국내 걸그룹들이 내놓은 앨범의 판매량이 100만 장을 넘기는 것은 어렵지 않게 찾아볼 수 있다. 하지만 뉴진스가 그들과 차별되는 점은 국내를 넘어 해외에서도 많은 관심을 받고 있다는 점이다. ‘슈퍼 샤이’는 18일 공개된 빌보드 메인 싱글차트 핫100에서 66위에 오르며 자체 최고기록을 경신했다. 이전 앨범에서의 ‘오엠쥐(OMG)’와 ‘디토(Ditto)’에 이어 세 번째로 핫100에 입성한 것이다. 빌보드200과 비교해 핫100 차트에 진입하기 위해서는 더 폭넓은 대중적 인기가 필요하다고 여겨진다. 팬덤이 마음먹고 앨범을 대량 구매하면 빌보드200 차트에 입성하는 것이 가능하지만 핫100은 그것만으로 이뤄내기 어렵기 때문이다. 세 곡 이상을 핫100에 올린 국내 걸그룹은 블랙핑크와 뉴진스뿐이다. 게다가 이번에 공개된 뉴진스의 신곡 ‘쿨 위드 유(Cool With You)’에는 홍콩 출신 유명배우 양조위(량차오웨이)가 등장한다. ‘아비정전’, ‘화양연화’, ‘색계’, ‘무간도’ 등에 출연하며 전 세계 팬들의 사랑을 받아 온 양조위는 2021년 할리우드 영화 '샹치와 텐 링즈의 전설'에 출연하며 출연료로 770만 달러(약 100억 원)를 받은 것으로 알려졌다. 하지만 그는 뉴진스 뮤직비디오에 무료로 출연했다. 글로벌 빅테크 기업인 애플과 협업도 눈에 띈다. 수록곡 가운데 ‘ETA’의 뮤직비디오는 애플과 협업해 제작됐다. 애플에 따르면 ‘ETA’는 아이폰14프로의 카메라로 촬영이 됐는데 액션모드 기능을 활용해 뉴진스 멤버들의 격정적 춤도 안정적으로 영상에 담을 수 있었다. 전 세계 시가총액 1위 기업인 애플이 K팝 아이돌의 뮤직비디오 제작에 협찬한 것은 이번이 처음으로 뉴진스의 달라진 위상을 보여준다고 할 수 있다. 뉴진스의 성장이 가속화되자 이들을 키워낸 민희진 어도어 대표에게도 관심이 쏠리고 있다. 민 대표는 지인을 통해 양조위 섭외를 성사시켰고 공식 뮤직비디오를 아이폰으로 촬영하자는 아이디어도 내며 이번 앨범의 성공을 이끌었다. 민 대표는 2002년 SM엔터테인먼트에 평사원으로 입사한 뒤 아이돌그룹의 콘셉트와 비주얼디렉터를 담당하며 SM엔터테인먼트 등기이사에도 선임됐던 인물이다. 그는 2018년 SM엔터테인먼트를 나온 뒤 2019년 하이브(당시 빅히트엔터테인먼트)에 합류했다. ▲ 뉴진스 신곡 'Cool With You'에 등장하는 홍콩 출신 배우 양조위. <뮤직비디오 갈무리> 하이브에서 브랜드디자인과 신사옥 설계에 참여한 민 대표는 새로운 걸그룹 론칭이라는 프로젝트를 맡았다. 민 대표는 2019년 전 세계 16개 도시를 돌며 글로벌오디션을 진행했고 2020년부터 연습생들 트레이닝을 시작해 2022년 7월 뉴진스를 선보였다. 방시혁 하이브 이사회 의장은 2021년 11월 신규 레이블 어도어를 설립해 민 대표에게 대표직을 맡길 정도로 신뢰를 보냈다. 민 대표는 방 의장의 신뢰에 국내 음원차트 석권 및 빌보드 핫100 입성으로 보답했다. 뉴진스가 지난 1월 선보인 ‘디토’와 ‘오엠쥐’, 지난해 데뷔앨범에 수록된 ‘하이프 보이(Hype boy)’는 올해 1월부터 3월까지 국내 최대 음원사이트 멜론에서 음원순위 1~3위를 싹쓸이했다. 뉴진스의 세 곡이 올해 1분기 동안 국내 음원차트 1~3위를 모두 차지한 것으로 이는 2004년 11월 멜론 서비스가 시작된 이후 처음이다. 뉴진스의 음원차트 점령은 이번에도 진행될 것으로 보인다. 23일 기준 벅스 차트에서는 1~3위와 5위를 뉴진스 ‘겟 업’에 수록된 네 개의 곡이 차지했다. 임민규 기자;"['가속' '가운데' '가장' '갈무리' '걸그룹' '게다가' '격정' '경신' '공개' '공식' '관심' '구매' '국내' '그것'
 '그룹' '글로벌' '급부' '기능' '기록' '기업' '기업인' '기자' '기준' '뉴진스' '뉴진스뿐' '달러' '담당'
 '당시' '대량' '대중' '대표' '데뷔' '도시' '돌파' '동안' '등기' '등장' '디렉터' '디자인' '디토' '때문'
 '량차오웨이' '레이블' '론칭' '메인' '멜론' '멤버' '모두' '모드' '무간도' '무료' '뮤직비디오' '미니' '민희진'
 '발매' '방시혁' '배우' '벅스' '보답' '보이' '브랜드' '블랙' '비교' '비주' '비즈니스' '빅히트' '빌보드'
 '사랑' '사례' '사옥' '사원' '사이트' '색계' '샤이' '샹치' '서비스' '석권' '선공' '선임' '설계' '설립'
 '섭외' '성공' '성사' '성장' '세계' '수록' '순위' '슈퍼' '스타' '시가총액' '시선' '시작' '신곡' '신규'
 '신뢰' '싱글차트' '아비정전' '아이' '아이돌' '아이디어' '아이폰' '안정' '애플' '액션' '앨범' '양조위' '어도'
 '업계' '엔터테인먼트' '여기' '역대' '연속' '연습생' '영상' '영화' '오디션' '오엠쥐' '올해' '위드' '위상'
 '유명배우' '음원' '의장' '이번' '이사' '이사회' '이상' '이전' '이프' '이후' '인기' '인물' '임민규' '입사'
 '입성' '자체' '전설' '점령' '정도' '정식' '제작' '주문' '지난' '지난해' '지니' '지인' '진입' '진행'
 '차별' '차지' '차트' '참여' '처음' '촬영' '최고' '최근' '최대' '출신' '출연' '출연료' '카메라' '콘셉트'
 '타이틀곡' '테크' '통해' '트레이닝' '판매량' '팬덤' '포스트' '프로' '프로젝트' '플랫폼' '핑크' '하이브'
 '할리우드' '합류' '해당' '해외' '협업' '협찬' '홍콩' '화양연화' '활용']";['배우', '아이폰', '출연', '타이틀곡', '아이돌'];['싱글차트', '국내', '배우', '아이폰', '아이돌'];['싱글차트', '국내', '배우', '아이폰', '아이돌'];['아이돌', '타이틀곡', '아이폰', '출연', '배우'];['아이돌', '할리우드', '트레이닝', '차별', '비즈니스']
유튜브에선 아이유가 뉴진스 노래를 부른다?… ‘생성형 AI’로 목소리 무단 도용 줄이어 - 조선비즈 - 조선비즈;https://news.google.com/rss/articles/CBMiTGh0dHBzOi8vYml6LmNob3N1bi5jb20vaXQtc2NpZW5jZS9pY3QvMjAyMy8wNy8yMy9IWVhPT0dNU0xaRlpKTzZOSFkzTk81TlFaQS_SAVtodHRwczovL2Jpei5jaG9zdW4uY29tL2l0LXNjaWVuY2UvaWN0LzIwMjMvMDcvMjMvSFlYT09HTVNMWkZaSk82TkhZM05PNU5RWkEvP291dHB1dFR5cGU9YW1w?oc=5;2023-07-22 21:00:00;True;https://biz.chosun.com/it-science/ict/2023/07/23/HYXOOGMSLZFZJO6NHY3NO5NQZA/;;;;;;;;
'음중' 뉴진스VS엑소VS정국, 대상 후보 수준 1위 후보 스케일 - 조선비즈 - 조선비즈;https://news.google.com/rss/articles/CBMiWWh0dHBzOi8vYml6LmNob3N1bi5jb20vZW50ZXJ0YWlubWVudC9lbnRlcl9nZW5lcmFsLzIwMjMvMDcvMjIvS1FJSEZZVVNDNzRQNldYM0NZMjRMS1dWQlEv0gFoaHR0cHM6Ly9iaXouY2hvc3VuLmNvbS9lbnRlcnRhaW5tZW50L2VudGVyX2dlbmVyYWwvMjAyMy8wNy8yMi9LUUlIRllVU0M3NFA2V1gzQ1kyNExLV1ZCUS8_b3V0cHV0VHlwZT1hbXA?oc=5;2023-07-22 06:40:00;True;https://biz.chosun.com/entertainment/enter_general/2023/07/22/KQIHFYUSC74P6WX3CY24LKWVBQ/;;;;;;;;
적수 없는 임영웅, 방탄소년단x뉴진스까지 꺾었다..가수 브랜드 평판 1위 - 조선비즈 - 조선비즈;https://news.google.com/rss/articles/CBMiWWh0dHBzOi8vYml6LmNob3N1bi5jb20vZW50ZXJ0YWlubWVudC9lbnRlcl9nZW5lcmFsLzIwMjMvMDcvMjIvQTdTSjQ1WU81NkdDTTVMSzRCUUNDQUxIMk0v0gFoaHR0cHM6Ly9iaXouY2hvc3VuLmNvbS9lbnRlcnRhaW5tZW50L2VudGVyX2dlbmVyYWwvMjAyMy8wNy8yMi9BN1NKNDVZTzU2R0NNNUxLNEJRQ0NBTEgyTS8_b3V0cHV0VHlwZT1hbXA?oc=5;2023-07-21 23:52:00;True;https://biz.chosun.com/entertainment/enter_general/2023/07/22/A7SJ45YO56GCM5LK4BQCCALH2M/;;;;;;;;
정호연→양조위, 뉴진스 신곡 MV 출연..'역대급 만남' - 하퍼스바자;https://news.google.com/rss/articles/CBMiLWh0dHBzOi8vd3d3LmhhcnBlcnNiYXphYXIuY28ua3IvYXJ0aWNsZS83OTMxMNIBAA?oc=5;2023-07-20 05:37:54;True;https://www.harpersbazaar.co.kr/article/79310;;;;;;;;
가장 새로운 뉴진스, 또 다른 민지 - 보그 코리아;https://news.google.com/rss/articles/CBMingFodHRwczovL3d3dy52b2d1ZS5jby5rci8yMDIzLzA3LzIwLyVFQSVCMCU4MCVFQyU5RSVBNS0lRUMlODMlODglRUIlQTElOUMlRUMlOUElQjQtJUVCJTg5JUI0JUVDJUE3JTg0JUVDJThBJUE0LSVFQiU5OCU5MC0lRUIlOEIlQTQlRUIlQTUlQjgtJUVCJUFGJUJDJUVDJUE3JTgwL9IBAA?oc=5;2023-07-20 00:59:55;True;https://www.vogue.co.kr/2023/07/20/%EA%B0%80%EC%9E%A5-%EC%83%88%EB%A1%9C%EC%9A%B4-%EB%89%B4%EC%A7%84%EC%8A%A4-%EB%98%90-%EB%8B%A4%EB%A5%B8-%EB%AF%BC%EC%A7%80/;;;;;;;;
BTS·TXT·엔하이픈·르세라핌·뉴진스, 각양각색 美 빌보드 톱 질주 - 전자신문;https://news.google.com/rss/articles/CBMiJWh0dHBzOi8vd3d3LmV0bmV3cy5jb20vMjAyMzA3MTkwMDAyNTjSAQA?oc=5;2023-07-19 06:20:43;True;https://www.etnews.com/20230719000258;;;;;;;;
"""이럴 거면 속옷만 입지?”..뉴진스, 카즈하, 엄정화까지 자꾸 벗는 이유 ... - 오토트리뷴";https://news.google.com/rss/articles/CBMiPmh0dHBzOi8vd3d3LmF1dG90cmlidW5lLmNvLmtyL25ld3MvYXJ0aWNsZVZpZXcuaHRtbD9pZHhubz05MDIx0gEA?oc=5;2023-07-19 03:29:20;True;https://www.autotribune.co.kr/news/articleView.html?idxno=9021;;;;;;;;
왁킹, 파워퍼프걸의 등장… 뉴진스 선공개곡 또 터졌다 - 한국일보;https://news.google.com/rss/articles/CBMiOmh0dHBzOi8vd3d3Lmhhbmtvb2tpbGJvLmNvbS9OZXdzL1JlYWQvQTIwMjMwNzE4MTM1NDAwMDQ5MTXSAQA?oc=5;2023-07-18 07:00:49;True;https://www.hankookilbo.com/News/Read/A2023071813540004915;;;;;;;;
뉴진스 '하입 보이' 프로듀서 250의 '뽕 차오른' 무대 - 경향신문;https://news.google.com/rss/articles/CBMiRmh0dHBzOi8vd3d3LmtoYW4uY28ua3IvY3VsdHVyZS9jdWx0dXJlLWdlbmVyYWwvYXJ0aWNsZS8yMDIzMDcxNjE2MDgwMDHSAQA?oc=5;2023-07-16 07:00:00;True;https://www.khan.co.kr/culture/culture-general/article/202307161608001;;;;;;;;
르세라핌, 컴백 동시 '인기가요' 1위..엑소→뉴진스 컴백[종합] - 조선비즈 - 조선비즈;https://news.google.com/rss/articles/CBMiWWh0dHBzOi8vYml6LmNob3N1bi5jb20vZW50ZXJ0YWlubWVudC9lbnRlcl9nZW5lcmFsLzIwMjMvMDcvMTYvSVBNTjUzVElGUzNEWFpWQ1Q3RjNXWkRPWlkv0gFoaHR0cHM6Ly9iaXouY2hvc3VuLmNvbS9lbnRlcnRhaW5tZW50L2VudGVyX2dlbmVyYWwvMjAyMy8wNy8xNi9JUE1ONTNUSUZTM0RYWlZDVDdGM1daRE9aWS8_b3V0cHV0VHlwZT1hbXA?oc=5;2023-07-16 07:00:00;True;https://biz.chosun.com/entertainment/enter_general/2023/07/16/IPMN53TIFS3DXZVCT7F3WZDOZY/;;;;;;;;
사직구장에 뉴진스 민지가 떴다? [2023 올스타] - 조선비즈 - 조선비즈;https://news.google.com/rss/articles/CBMiTWh0dHBzOi8vYml6LmNob3N1bi5jb20vc3BvcnRzL2Jhc2ViYWxsLzIwMjMvMDcvMTUvT0EyVkEzN002N0U1R09NUVlDQ05JNkZXQlkv0gFcaHR0cHM6Ly9iaXouY2hvc3VuLmNvbS9zcG9ydHMvYmFzZWJhbGwvMjAyMy8wNy8xNS9PQTJWQTM3TTY3RTVHT01RWUNDTkk2RldCWS8_b3V0cHV0VHlwZT1hbXA?oc=5;2023-07-15 09:57:00;True;https://biz.chosun.com/sports/baseball/2023/07/15/OA2VA37M67E5GOMQYCCNI6FWBY/;;;;;;;;
뉴진스vs샤이니vs임영웅, ‘쇼 음악중심’ 1위 후보 대격돌 - 조선비즈 - 조선비즈;https://news.google.com/rss/articles/CBMiWWh0dHBzOi8vYml6LmNob3N1bi5jb20vZW50ZXJ0YWlubWVudC9lbnRlcl9nZW5lcmFsLzIwMjMvMDcvMTUvNFdCNkVVVERWSktFUlg1VE1KVktXU0NBTEUv0gFoaHR0cHM6Ly9iaXouY2hvc3VuLmNvbS9lbnRlcnRhaW5tZW50L2VudGVyX2dlbmVyYWwvMjAyMy8wNy8xNS80V0I2RVVURFZKS0VSWDVUTUpWS1dTQ0FMRS8_b3V0cHV0VHlwZT1hbXA?oc=5;2023-07-15 07:00:00;True;https://biz.chosun.com/entertainment/enter_general/2023/07/15/4WB6EUTDVJKERX5TMJVKWSCALE/;;;;;;;;
뉴진스·이찬혁만 전체 수록곡 뮤비 찍나? 나훈아도 한다! - 한겨레;https://news.google.com/rss/articles/CBMiQGh0dHBzOi8vd3d3LmhhbmkuY28ua3IvYXJ0aS9jdWx0dXJlL2N1bHR1cmVfZ2VuZXJhbC8xMTAwMTEyLmh0bWzSAQA?oc=5;2023-07-14 07:00:00;True;https://www.hani.co.kr/arti/culture/culture_general/1100112.html;;;;;;;;
뉴진스 민지의 메이크업 아이템은? - 하퍼스바자;https://news.google.com/rss/articles/CBMiLWh0dHBzOi8vd3d3LmhhcnBlcnNiYXphYXIuY28ua3IvYXJ0aWNsZS83OTEzONIBAA?oc=5;2023-07-14 07:00:00;True;https://www.harpersbazaar.co.kr/article/79138;;;;;;;;
뉴진스, '슈퍼 샤이'로 현지 활동 없이 美 스포티파이 톱 11위…국내에선 '파죽지세' - 서울경제 - 서울경제신문;https://news.google.com/rss/articles/CBMiK2h0dHBzOi8vd3d3LnNlZGFpbHkuY29tL05ld3NWaWV3LzI5UzRMS0RWUknSASxodHRwczovL20uc2VkYWlseS5jb20vTmV3c1ZpZXdBbXAvMjlTNExLRFZSSQ?oc=5;2023-07-14 07:00:00;True;https://www.sedaily.com/NewsView/29S4LKDVRI;;;;;;;;
뉴진스, 적수 없는 절대강자..2023 상반기 써클차트 싹쓸이 - 조선비즈 - 조선비즈;https://news.google.com/rss/articles/CBMiWWh0dHBzOi8vYml6LmNob3N1bi5jb20vZW50ZXJ0YWlubWVudC9lbnRlcl9nZW5lcmFsLzIwMjMvMDcvMTQvQUVTTlE3VUc2Uk40REk2T1BXRlo1VVJZRUkv0gFoaHR0cHM6Ly9iaXouY2hvc3VuLmNvbS9lbnRlcnRhaW5tZW50L2VudGVyX2dlbmVyYWwvMjAyMy8wNy8xNC9BRVNOUTdVRzZSTjRESTZPUFdGWjVVUllFSS8_b3V0cHV0VHlwZT1hbXA?oc=5;2023-07-14 07:00:00;True;https://biz.chosun.com/entertainment/enter_general/2023/07/14/AESNQ7UG6RN4DI6OPWFZ5URYEI/;;;;;;;;
방시혁이 AI 기업 인수한 이유…브루노 마스가 뉴진스 노래를 - 한겨레;https://news.google.com/rss/articles/CBMiQGh0dHBzOi8vd3d3LmhhbmkuY28ua3IvYXJ0aS9jdWx0dXJlL2N1bHR1cmVfZ2VuZXJhbC8xMDk5Mzg3Lmh0bWzSAQA?oc=5;2023-07-10 07:00:00;True;https://www.hani.co.kr/arti/culture/culture_general/1099387.html;;;;;;;;
뉴진스, 음원퀸 저력 입증…선공개 싱글로 국내 주요 음원 차트 올킬 - 조선비즈 - 조선비즈;https://news.google.com/rss/articles/CBMiWWh0dHBzOi8vYml6LmNob3N1bi5jb20vZW50ZXJ0YWlubWVudC9lbnRlcl9nZW5lcmFsLzIwMjMvMDcvMTAvNUFFRzQ0TlZMTDdYMjM0T1k0V1pIQkFOV0Uv0gFoaHR0cHM6Ly9iaXouY2hvc3VuLmNvbS9lbnRlcnRhaW5tZW50L2VudGVyX2dlbmVyYWwvMjAyMy8wNy8xMC81QUVHNDROVkxMN1gyMzRPWTRXWkhCQU5XRS8_b3V0cHV0VHlwZT1hbXA?oc=5;2023-07-10 07:00:00;True;https://biz.chosun.com/entertainment/enter_general/2023/07/10/5AEG44NVLL7X234OY4WZHBANWE/;;;;;;;;
뉴진스×파워퍼프걸 뮤비 터졌다, 벌써 300만뷰 넘겨 - 한겨레;https://news.google.com/rss/articles/CBMiQGh0dHBzOi8vd3d3LmhhbmkuY28ua3IvYXJ0aS9jdWx0dXJlL2N1bHR1cmVfZ2VuZXJhbC8xMDk5MTYxLmh0bWzSAQA?oc=5;2023-07-07 07:00:00;True;https://www.hani.co.kr/arti/culture/culture_general/1099161.html;;;;;;;;
뉴진스·세븐틴·임영웅·블랙핑크, 2023 써클차트 상반기 정상 - 전자신문;https://news.google.com/rss/articles/CBMiJWh0dHBzOi8vd3d3LmV0bmV3cy5jb20vMjAyMzA3MDcwMDAxNTjSAQA?oc=5;2023-07-07 07:00:00;True;https://www.etnews.com/20230707000158;;;;;;;;
뉴진스, '어텐션', '하입보이' 이을 서머송 나올까…선공개곡 D-1 - 서울경제 - 서울경제신문;https://news.google.com/rss/articles/CBMiK2h0dHBzOi8vd3d3LnNlZGFpbHkuY29tL05ld3NWaWV3LzI5UzBYV0lGRDTSASxodHRwczovL20uc2VkYWlseS5jb20vTmV3c1ZpZXdBbXAvMjlTMFhXSUZENA?oc=5;2023-07-06 07:00:00;True;https://www.sedaily.com/NewsView/29S0XWIFD4;;;;;;;;
뉴진스, #저지클럽in뉴진스 #파워퍼프걸 #음원강자…'Super Shy ... - 전자신문;https://news.google.com/rss/articles/CBMiJWh0dHBzOi8vd3d3LmV0bmV3cy5jb20vMjAyMzA3MDYwMDAxNDnSAQA?oc=5;2023-07-06 07:00:00;True;https://www.etnews.com/20230706000149;;;;;;;;
뉴진스 ASAP 뮤비 속 몽환적인 수영장, 어디? - 하퍼스바자;https://news.google.com/rss/articles/CBMiLWh0dHBzOi8vd3d3LmhhcnBlcnNiYXphYXIuY28ua3IvYXJ0aWNsZS83ODk3ONIBAA?oc=5;2023-07-06 03:04:38;True;https://www.harpersbazaar.co.kr/article/78978;;;;;;;;
뉴진스, 데뷔 앨범 전 수록곡 스포티파이 억대 스트리밍 달성 - news.kmib.co.kr;https://news.google.com/rss/articles/CBMiTmh0dHA6Ly9uZXdzLmttaWIuY28ua3IvYXJ0aWNsZS92aWV3LmFzcD9hcmNpZD0wOTI0MzEwNDczJmNvZGU9MTMxODAwMDAmc2lkMT1jb9IBAA?oc=5;2023-07-05 19:04:00;True;http://news.kmib.co.kr/article/view.asp?arcid=0924310473&code=13180000&sid1=co;;;;;;;;
컴백 앞둔 뉴진스, 여전히 뜨겁다 - 한국일보;https://news.google.com/rss/articles/CBMiOmh0dHBzOi8vd3d3Lmhhbmtvb2tpbGJvLmNvbS9OZXdzL1JlYWQvQTIwMjMwNzA1MDg1MzAwMDU2NDTSAQA?oc=5;2023-07-05 07:00:00;True;https://www.hankookilbo.com/News/Read/A2023070508530005644;;;;;;;;
뉴진스, 유튜브와 글로벌 프로젝트 예고..‘#ImSuperShy’ 티저 공개 - 조선비즈 - 조선비즈;https://news.google.com/rss/articles/CBMiWWh0dHBzOi8vYml6LmNob3N1bi5jb20vZW50ZXJ0YWlubWVudC9lbnRlcl9nZW5lcmFsLzIwMjMvMDcvMDUvVTRUN1hGVkRBMjRaQlRaUkNXS0o1WlJUTE0v0gFoaHR0cHM6Ly9iaXouY2hvc3VuLmNvbS9lbnRlcnRhaW5tZW50L2VudGVyX2dlbmVyYWwvMjAyMy8wNy8wNS9VNFQ3WEZWREEyNFpCVFpSQ1dLSjVaUlRMTS8_b3V0cHV0VHlwZT1hbXA?oc=5;2023-07-05 07:00:00;True;https://biz.chosun.com/entertainment/enter_general/2023/07/05/U4T7XFVDA24ZBTZRCWKJ5ZRTLM/;;;;;;;;
여름 뉴진스가 온다..여전히 건재한 ‘Hype boy’ 아성 넘을까 [Oh!쎈 레터] - 조선비즈 - 조선비즈;https://news.google.com/rss/articles/CBMiWWh0dHBzOi8vYml6LmNob3N1bi5jb20vZW50ZXJ0YWlubWVudC9lbnRlcl9nZW5lcmFsLzIwMjMvMDcvMDUvRVdNNkpOTFdOT0Y1TDIyQk5FRlRSMlFES00v0gFoaHR0cHM6Ly9iaXouY2hvc3VuLmNvbS9lbnRlcnRhaW5tZW50L2VudGVyX2dlbmVyYWwvMjAyMy8wNy8wNS9FV002Sk5MV05PRjVMMjJCTkVGVFIyUURLTS8_b3V0cHV0VHlwZT1hbXA?oc=5;2023-07-05 07:00:00;True;https://biz.chosun.com/entertainment/enter_general/2023/07/05/EWM6JNLWNOF5L22BNEFTR2QDKM/;;;;;;;;
신한투자 “하이브 일회성 비용 늘어 2분기 이익 줄어, 뉴진스 정국 7월 ... - 비즈니스포스트;https://news.google.com/rss/articles/CBMiQWh0dHBzOi8vd3d3LmJ1c2luZXNzcG9zdC5jby5rci9CUD9jb21tYW5kPWFydGljbGVfdmlldyZudW09MzIwMDY10gEA?oc=5;2023-07-04 07:00:00;True;https://www.businesspost.co.kr/BP?command=article_view&num=320065;;;;;;;;
[투자노트] ‘OMG’ 뉴진스가 돌아온다... 하이브에 쏠린 눈 - 조선비즈 - 조선비즈;https://news.google.com/rss/articles/CBMiVWh0dHBzOi8vYml6LmNob3N1bi5jb20vc3RvY2svYW5hbHlzaXMtcHJvc3BlY3QvMjAyMy8wNy8wMy9LVVkyS0FMNEZGQVBWSVEzUEhMQTVFVVBKQS_SAWRodHRwczovL2Jpei5jaG9zdW4uY29tL3N0b2NrL2FuYWx5c2lzLXByb3NwZWN0LzIwMjMvMDcvMDMvS1VZMktBTDRGRkFQVklRM1BITEE1RVVQSkEvP291dHB1dFR5cGU9YW1w?oc=5;2023-07-03 07:00:00;True;https://biz.chosun.com/stock/analysis-prospect/2023/07/03/KUY2KAL4FFAPVIQ3PHLA5EUPJA/;;;;;;;;
뉴진스·엑소·엔믹스·정국·제베원까지, 7월 컴백 전쟁 - 노컷뉴스;https://news.google.com/rss/articles/CBMiKGh0dHBzOi8vd3d3Lm5vY3V0bmV3cy5jby5rci9uZXdzLzU5Njk1ODfSASpodHRwczovL20ubm9jdXRuZXdzLmNvLmtyL25ld3MvYW1wLzU5Njk1ODc?oc=5;2023-07-03 07:00:00;True;https://www.nocutnews.co.kr/news/5969587;;;;;;;;
뉴진스, 첫 팬미팅서 신곡 'ETA' 최초 공개…콘서트 방불케 하는 무대 - 조선비즈 - 조선비즈;https://news.google.com/rss/articles/CBMiWWh0dHBzOi8vYml6LmNob3N1bi5jb20vZW50ZXJ0YWlubWVudC9lbnRlcl9nZW5lcmFsLzIwMjMvMDcvMDMvVUxMT0lKSzY2NVJDRUZKWkozWE0ySVBQQ0kv0gFoaHR0cHM6Ly9iaXouY2hvc3VuLmNvbS9lbnRlcnRhaW5tZW50L2VudGVyX2dlbmVyYWwvMjAyMy8wNy8wMy9VTExPSUpLNjY1UkNFRkpaSjNYTTJJUFBDSS8_b3V0cHV0VHlwZT1hbXA?oc=5;2023-07-03 07:00:00;True;https://biz.chosun.com/entertainment/enter_general/2023/07/03/ULLOIJK665RCEFJZJ3XM2IPPCI/;;;;;;;;
‘새로운 유전자’ 뉴진스 “K팝, 언어장벽 넘어 소통하는 매개체” - 조선일보;https://news.google.com/rss/articles/CBMiWGh0dHBzOi8vd3d3LmNob3N1bi5jb20vY3VsdHVyZS1saWZlL211c2ljX2NvbmNlcnQvMjAyMy8wNi8zMC9LMzVQWjZXNE5SRlpMTzJUVVFTVFRXN1NWWS_SAWdodHRwczovL3d3dy5jaG9zdW4uY29tL2N1bHR1cmUtbGlmZS9tdXNpY19jb25jZXJ0LzIwMjMvMDYvMzAvSzM1UFo2VzROUkZaTE8yVFVRU1RUVzdTVlkvP291dHB1dFR5cGU9YW1w?oc=5;2023-06-30 07:00:00;True;https://www.chosun.com/culture-life/music_concert/2023/06/30/K35PZ6W4NRFZLO2TUQSTTW7SVY/;;;;;;;;
[현장EN:]뉴진스 다음은 누구? '알유넥스트'가 보여줄 살아있는 개성 - 노컷뉴스;https://news.google.com/rss/articles/CBMiKGh0dHBzOi8vd3d3Lm5vY3V0bmV3cy5jby5rci9uZXdzLzU5NjkxMjDSASpodHRwczovL20ubm9jdXRuZXdzLmNvLmtyL25ld3MvYW1wLzU5NjkxMjA?oc=5;2023-06-30 07:00:00;True;https://www.nocutnews.co.kr/news/5969120;;;;;;;;
뉴진스가 소환한 26년 전, 1998년의 기억들 - 스브스프리미엄;https://news.google.com/rss/articles/CBMiLWh0dHBzOi8vcHJlbWl1bS5zYnMuY28ua3IvYXJ0aWNsZS9BbEVjRDlwbk1BStIBAA?oc=5;2023-06-30 07:00:00;True;https://premium.sbs.co.kr/article/AlEcD9pnMAJ;;;;;;;;
뉴진스 컴백 소식 - Marie Claire;https://news.google.com/rss/articles/CBMiKmh0dHBzOi8vd3d3Lm1hcmllY2xhaXJla29yZWEuY29tLz9wPTI5NTc5N9IBAA?oc=5;2023-06-29 07:20:15;True;https://www.marieclairekorea.com/celebrity/2023/06/newjeans-comback/;;;;;;;;
뉴진스, 이번엔 '비치 백'이다…소장 욕구 자극하는 앨범 구성 - 조선비즈 - 조선비즈;https://news.google.com/rss/articles/CBMiWWh0dHBzOi8vYml6LmNob3N1bi5jb20vZW50ZXJ0YWlubWVudC9lbnRlcl9nZW5lcmFsLzIwMjMvMDYvMjkvTE9YN1NZU1ZHM0c1QzZXNFZOQ0o0UDRDWkEv0gFoaHR0cHM6Ly9iaXouY2hvc3VuLmNvbS9lbnRlcnRhaW5tZW50L2VudGVyX2dlbmVyYWwvMjAyMy8wNi8yOS9MT1g3U1lTVkczRzVDNlc0Vk5DSjRQNENaQS8_b3V0cHV0VHlwZT1hbXA?oc=5;2023-06-29 07:00:00;True;https://biz.chosun.com/entertainment/enter_general/2023/06/29/LOX7SYSVG3G5C6W4VNCJ4P4CZA/;;;;;;;;
뉴진스, ‘CDP 가방’ 이어 ‘비치 백’ 신드롬 예고 - 조선일보;https://news.google.com/rss/articles/CBMiWmh0dHBzOi8vd3d3LmNob3N1bi5jb20vZW50ZXJ0YWlubWVudHMvZW50ZXJfZ2VuZXJhbC8yMDIzLzA2LzI5L0dHRllaUFZYVFJGSFZQNU5MWTRCUEtTRVBRL9IBaWh0dHBzOi8vd3d3LmNob3N1bi5jb20vZW50ZXJ0YWlubWVudHMvZW50ZXJfZ2VuZXJhbC8yMDIzLzA2LzI5L0dHRllaUFZYVFJGSFZQNU5MWTRCUEtTRVBRLz9vdXRwdXRUeXBlPWFtcA?oc=5;2023-06-29 07:00:00;True;https://www.chosun.com/entertainments/enter_general/2023/06/29/GGFYZPVXTRFHVP5NLY4BPKSEPQ/;;;;;;;;
"뉴진스, 美 패션지 표지 장식..""빅뱅에 비유할 만큼 폭발적 등장"" [화보] - 미주중앙일보";https://news.google.com/rss/articles/CBMiTWh0dHBzOi8vbmV3cy5rb3JlYWRhaWx5LmNvbS8yMDIzLzA2LzI5L2xpZmUvYXJ0Y3VsdHVyZS8yMDIzMDYyOTE2MTMzNzQ4Ny5odG1s0gEA?oc=5;2023-06-29 07:00:00;True;https://news.koreadaily.com/2023/06/29/life/artculture/20230629161337487.html;;;;;;;;
[문화연예 플러스] 뉴진스, 롤링스톤 '음악 산업 기대주 25인' 선정 - MBC뉴스;https://news.google.com/rss/articles/CBMiRmh0dHBzOi8vaW1uZXdzLmltYmMuY29tL3JlcGxheS8yMDIzL253dG9kYXkvYXJ0aWNsZS82NDk3ODMyXzM2MjA3Lmh0bWzSAUZodHRwczovL2ltbmV3cy5pbWJjLmNvbS9yZXBsYXkvMjAyMy9ud3RvZGF5L2FydGljbGUvNjQ5NzgzMl8zNjIwOC5odG1s?oc=5;2023-06-28 07:00:00;True;https://imnews.imbc.com/replay/2023/nwtoday/article/6497832_36207.html;;;;;;;;
뉴진스, '음악산업 기대주 25인' 선정…신곡 티저 화제 - SBS 뉴스;https://news.google.com/rss/articles/CBMiOmh0dHBzOi8vbmV3cy5zYnMuY28ua3IvbmV3cy9lbmRQYWdlLmRvP25ld3NfaWQ9TjEwMDcyNDU2MjTSATdodHRwczovL25ld3Muc2JzLmNvLmtyL2FtcC9uZXdzLmFtcD9uZXdzX2lkPU4xMDA3MjQ1NjI0?oc=5;2023-06-28 07:00:00;True;https://news.sbs.co.kr/news/endPage.do?news_id=N1007245624;;;;;;;;
'컴백' 뉴진스, 이번엔 우아한 발레리나 - 조선비즈 - 조선비즈;https://news.google.com/rss/articles/CBMiWWh0dHBzOi8vYml6LmNob3N1bi5jb20vZW50ZXJ0YWlubWVudC9lbnRlcl9nZW5lcmFsLzIwMjMvMDYvMjgvVDRMR1ZaQktQRE1INTI2RTVBVEM0SlRNVFUv0gFoaHR0cHM6Ly9iaXouY2hvc3VuLmNvbS9lbnRlcnRhaW5tZW50L2VudGVyX2dlbmVyYWwvMjAyMy8wNi8yOC9UNExHVlpCS1BETUg1MjZFNUFUQzRKVE1UVS8_b3V0cHV0VHlwZT1hbXA?oc=5;2023-06-28 07:00:00;True;https://biz.chosun.com/entertainment/enter_general/2023/06/28/T4LGVZBKPDMH526E5ATC4JTMTU/;;;;;;;;
뉴진스 민지, 천사 실존 [SE★포토] - 서울경제 - 서울경제신문;https://news.google.com/rss/articles/CBMiK2h0dHBzOi8vd3d3LnNlZGFpbHkuY29tL05ld3NWaWV3LzI5UjE0V0NXVkPSASxodHRwczovL20uc2VkYWlseS5jb20vTmV3c1ZpZXdBbXAvMjlSMTRXQ1dWQw?oc=5;2023-06-28 07:00:00;True;https://www.sedaily.com/NewsView/29R14WCWVC;;;;;;;;
[사진]뉴진스 민지, '복숭아 볼하트' - 조선비즈 - 조선비즈;https://news.google.com/rss/articles/CBMiWWh0dHBzOi8vYml6LmNob3N1bi5jb20vZW50ZXJ0YWlubWVudC9lbnRlcl9nZW5lcmFsLzIwMjMvMDYvMjgvUExSUENLQkY1WkJVTVpDQ05aV0ZIQ0I1TVUv0gFoaHR0cHM6Ly9iaXouY2hvc3VuLmNvbS9lbnRlcnRhaW5tZW50L2VudGVyX2dlbmVyYWwvMjAyMy8wNi8yOC9QTFJQQ0tCRjVaQlVNWkNDTlpXRkhDQjVNVS8_b3V0cHV0VHlwZT1hbXA?oc=5;2023-06-28 07:00:00;True;https://biz.chosun.com/entertainment/enter_general/2023/06/28/PLRPCKBF5ZBUMZCCNZWFHCB5MU/;;;;;;;;
뉴진스, 우아한 발레리나 변신…강렬한 비주얼 시너지 완성 - 조선비즈 - 조선비즈;https://news.google.com/rss/articles/CBMiWWh0dHBzOi8vYml6LmNob3N1bi5jb20vZW50ZXJ0YWlubWVudC9lbnRlcl9nZW5lcmFsLzIwMjMvMDYvMjgvS1dER1dUU09UM0s0SzVDRDRVQVdNUE9LTlUv0gFoaHR0cHM6Ly9iaXouY2hvc3VuLmNvbS9lbnRlcnRhaW5tZW50L2VudGVyX2dlbmVyYWwvMjAyMy8wNi8yOC9LV0RHV1RTT1QzSzRLNUNENFVBV01QT0tOVS8_b3V0cHV0VHlwZT1hbXA?oc=5;2023-06-28 07:00:00;True;https://biz.chosun.com/entertainment/enter_general/2023/06/28/KWDGWTSOT3K4K5CD4UAWMPOKNU/;;;;;;;;
[사진]뉴진스 민지, '눈빛까지 하트' - 조선비즈 - 조선비즈;https://news.google.com/rss/articles/CBMiWWh0dHBzOi8vYml6LmNob3N1bi5jb20vZW50ZXJ0YWlubWVudC9lbnRlcl9nZW5lcmFsLzIwMjMvMDYvMjgvRU1NT1EyTk5GT1lMTFc0UVo3UDdXVENZR1Ev0gFoaHR0cHM6Ly9iaXouY2hvc3VuLmNvbS9lbnRlcnRhaW5tZW50L2VudGVyX2dlbmVyYWwvMjAyMy8wNi8yOC9FTU1PUTJOTkZPWUxMVzRRWjdQN1dUQ1lHUS8_b3V0cHV0VHlwZT1hbXA?oc=5;2023-06-28 07:00:00;True;https://biz.chosun.com/entertainment/enter_general/2023/06/28/EMMOQ2NNFOYLLW4QZ7P7WTCYGQ/;;;;;;;;
"뉴진스, 美 롤링스톤 'Future 25' 선정…""가장 빠르게 성장해"" - 뉴스핌";https://news.google.com/rss/articles/CBMiMGh0dHBzOi8vd3d3Lm5ld3NwaW0uY29tL25ld3Mvdmlldy8yMDIzMDYyNzAwMDY2MtIBMWh0dHBzOi8vbS5uZXdzcGltLmNvbS9uZXdzYW1wL3ZpZXcvMjAyMzA2MjcwMDA2NjI?oc=5;2023-06-27 07:00:00;True;https://www.newspim.com/news/view/20230627000662;;;;;;;;
르세라핌 '안티프래자일'·뉴진스 '디토', 日 레코드협회 '플래티넘' - 뉴시스;https://news.google.com/rss/articles/CBMiQWh0dHBzOi8vbW9iaWxlLm5ld3Npcy5jb20vdmlldy5odG1sP2FyX2lkPU5JU1gyMDIzMDYyN18wMDAyMzUzODAz0gFFaHR0cHM6Ly9tb2JpbGUubmV3c2lzLmNvbS92aWV3X2FtcC5odG1sP2FyX2lkPU5JU1gyMDIzMDYyN18wMDAyMzUzODAz?oc=5;2023-06-27 07:00:00;True;https://mobile.newsis.com/view.html?ar_id=NISX20230627_0002353803;;;;;;;;
코카콜라 코-크 스튜디오, 뉴진스×J.I.D 컬래버래이션 곡 'Zero' 공개 - 식품음료신문;https://news.google.com/rss/articles/CBMiPWh0dHBzOi8vd3d3LnRoaW5rZm9vZC5jby5rci9uZXdzL2FydGljbGVWaWV3Lmh0bWw_aWR4bm89OTgxMTLSAQA?oc=5;2023-06-21 07:00:00;True;https://www.thinkfood.co.kr/news/articleView.html?idxno=98112;;;;;;;;
'대세' 뉴진스 7월 컴백…'파워퍼프 걸'과 손잡는다 - 한겨레;https://news.google.com/rss/articles/CBMiQGh0dHBzOi8vd3d3LmhhbmkuY28ua3IvYXJ0aS9jdWx0dXJlL2N1bHR1cmVfZ2VuZXJhbC8xMDk2NTIwLmh0bWzSAQA?oc=5;2023-06-19 07:00:00;True;https://www.hani.co.kr/arti/culture/culture_general/1096520.html;;;;;;;;
뉴진스 다니엘과 오메가가 만났을 때 - 더블유 코리아;https://news.google.com/rss/articles/CBMiygFodHRwczovL3d3dy53a29yZWEuY29tLzIwMjMvMDYvMTkvJUVCJTg5JUI0JUVDJUE3JTg0JUVDJThBJUE0LSVFQiU4QiVBNCVFQiU4QiU4OCVFQyU5NyU5OCVFQSVCMyVCQy0lRUMlOTglQTQlRUIlQTklOTQlRUElQjAlODAlRUElQjAlODAtJUVBJUI3JUI4JUVCJUE2JUFDJUVCJThBJTk0LSVFQiVCOSU5QiVFQyU5RCU5OC0lRUMlODQlQjglRUElQjMlODQv0gEA?oc=5;2023-06-19 07:00:00;True;https://www.wkorea.com/2023/06/19/%EB%89%B4%EC%A7%84%EC%8A%A4-%EB%8B%A4%EB%8B%88%EC%97%98%EA%B3%BC-%EC%98%A4%EB%A9%94%EA%B0%80%EA%B0%80-%EA%B7%B8%EB%A6%AC%EB%8A%94-%EB%B9%9B%EC%9D%98-%EC%84%B8%EA%B3%84/;;;;;;;;
따라 하고 싶은 하이틴 바이브! 뉴진스 하니 스타일 - 더블유 코리아;https://news.google.com/rss/articles/CBMipQFodHRwczovL3d3dy53a29yZWEuY29tLzIwMjMvMDYvMTkvJUVCJTg5JUI0JUVDJUE3JTg0JUVDJThBJUE0JUVDJTlEJTk4LSVFRCU5NSU5OCVFQiU4QiU4OC0lRUMlOEElQTQlRUQlODMlODAlRUMlOUQlQkMlRUMlOUQlQjQtJUVDJTlBJTk0JUVDJUE2JTk4LSVFQiU4QyU4MCVFQyU4NCVCOC_SAQA?oc=5;2023-06-19 07:00:00;True;https://www.wkorea.com/2023/06/19/%EB%89%B4%EC%A7%84%EC%8A%A4%EC%9D%98-%ED%95%98%EB%8B%88-%EC%8A%A4%ED%83%80%EC%9D%BC%EC%9D%B4-%EC%9A%94%EC%A6%98-%EB%8C%80%EC%84%B8/;;;;;;;;
"뉴진스, 美 롤링스톤 '2023 상반기 베스트 송' 7위...""K팝 최고"" - 한국일보";https://news.google.com/rss/articles/CBMiOmh0dHBzOi8vd3d3Lmhhbmtvb2tpbGJvLmNvbS9OZXdzL1JlYWQvQTIwMjMwNjE2MTE0MzAwMDQ3MTPSAQA?oc=5;2023-06-16 07:00:00;True;https://www.hankookilbo.com/News/Read/A2023061611430004713;;;;;;;;
코카콜라, 뉴진스 스페셜 패키지 출시 - 환경TV;https://news.google.com/rss/articles/CBMiQmh0dHA6Ly93d3cuZ3JlZW5wb3N0a29yZWEuY28ua3IvbmV3cy9hcnRpY2xlVmlldy5odG1sP2lkeG5vPTIwODQ4N9IBRWh0dHA6Ly93d3cuZ3JlZW5wb3N0a29yZWEuY28ua3IvbmV3cy9hcnRpY2xlVmlld0FtcC5odG1sP2lkeG5vPTIwODQ4Nw?oc=5;2023-06-05 07:00:00;True;http://www.greenpostkorea.co.kr/news/articleView.html?idxno=208487;;;;;;;;
콜라병 없애고 뉴진스만 노출했는데…코카콜라 제로 대박났다 - 한국일보;https://news.google.com/rss/articles/CBMiOmh0dHBzOi8vd3d3Lmhhbmtvb2tpbGJvLmNvbS9OZXdzL1JlYWQvQTIwMjMwNTI2MTUxNDAwMDEwODjSAQA?oc=5;2023-06-03 07:00:00;True;https://www.hankookilbo.com/News/Read/A2023052615140001088;;;;;;;;
뉴진스, 그래미 5관왕 존 바티스트와 협업 - 한겨레;https://news.google.com/rss/articles/CBMiQGh0dHBzOi8vd3d3LmhhbmkuY28ua3IvYXJ0aS9jdWx0dXJlL2N1bHR1cmVfZ2VuZXJhbC8xMDk0MTcwLmh0bWzSAQA?oc=5;2023-06-01 07:00:00;True;https://www.hani.co.kr/arti/culture/culture_general/1094170.html;;;;;;;;
뉴진스, 데뷔 10개월만에 ‘스포티파이’ 누적 스트리밍 15억 돌파 - 세계일보;https://news.google.com/rss/articles/CBMiJ2h0dHBzOi8vbS5zZWd5ZS5jb20vdmlldy8yMDIzMDUyODUwNTQ2ONIBKmh0dHBzOi8vbS5zZWd5ZS5jb20vYW1wVmlldy8yMDIzMDUyODUwNTQ2OA?oc=5;2023-05-28 07:00:00;True;https://m.segye.com/view/20230528505468;;;;;;;;
뉴진스, 美 타임 '2023 차세대 리더' 선정...K팝 아티스트 유일 - 뉴스핌;https://news.google.com/rss/articles/CBMiMGh0dHBzOi8vd3d3Lm5ld3NwaW0uY29tL25ld3Mvdmlldy8yMDIzMDUyNTAwMDA0MNIBMWh0dHBzOi8vbS5uZXdzcGltLmNvbS9uZXdzYW1wL3ZpZXcvMjAyMzA1MjUwMDAwNDA?oc=5;2023-05-25 07:00:00;True;https://www.newspim.com/news/view/20230525000040;;;;;;;;
뉴진스가 올해 여름 컴백한다 | Hypebeast.KR - HYPEBEAST;https://news.google.com/rss/articles/CBMiRmh0dHBzOi8vaHlwZWJlYXN0LmtyLzIwMjMvNS9uZXdqZWFucy1hcmUtbWFraW5nLWEtY29tZWJhY2stdGhpcy1zdW1tZXLSAQA?oc=5;2023-05-23 07:00:00;True;https://hypebeast.kr/2023/5/newjeans-are-making-a-comeback-this-summer;;;;;;;;
8년 추적 '뽕' 들고 일본 가는 뉴진스 프로듀서 250 - 한겨레;https://news.google.com/rss/articles/CBMiQGh0dHBzOi8vd3d3LmhhbmkuY28ua3IvYXJ0aS9jdWx0dXJlL2N1bHR1cmVfZ2VuZXJhbC8xMDkyNzQ3Lmh0bWzSAQA?oc=5;2023-05-22 07:00:00;True;https://www.hani.co.kr/arti/culture/culture_general/1092747.html;;;;;;;;
뉴진스 'OMG' 뮤비 130일 만에 1억 뷰 돌파…'Hype Boy' 이어 2번째 - 노컷뉴스;https://news.google.com/rss/articles/CBMiKGh0dHBzOi8vd3d3Lm5vY3V0bmV3cy5jby5rci9uZXdzLzU5NDI5NjfSASpodHRwczovL20ubm9jdXRuZXdzLmNvLmtyL25ld3MvYW1wLzU5NDI5Njc?oc=5;2023-05-14 07:00:00;True;https://www.nocutnews.co.kr/news/5942967;;;;;;;;
[가요소식] 뉴진스, 7월 데뷔 후 첫 팬 미팅 - 연합뉴스;https://news.google.com/rss/articles/CBMiL2h0dHBzOi8vd3d3LnluYS5jby5rci92aWV3L0FLUjIwMjMwNTEyMDYzNDAwMDA10gExaHR0cHM6Ly9tLnluYS5jby5rci9hbXAvdmlldy9BS1IyMDIzMDUxMjA2MzQwMDAwNQ?oc=5;2023-05-12 07:00:00;True;https://www.yna.co.kr/view/AKR20230512063400005;//r.yna.co.kr/www/home_n/v02/img/bg_none_people01.jpg;이태수 기자 기자 페이지 봄여름가을겨울, 미국 LA 콘서트 수익 기부 뉴진스, 7월 데뷔 후 첫 팬 미팅 [어도어 제공. 재판매 및 DB 금지] (서울=연합뉴스) 이태수 기자 = ▲ 뉴진스, 7월 데뷔 후 첫 팬 미팅 = 걸그룹 뉴진스가 오는 7월 1∼2일 서울 송파구 SK올림픽핸드볼경기장에서 데뷔 후 첫 팬 미팅 '버니즈 캠프'(Bunnies Camp)를 연다고 소속사 어도어가 12일 밝혔다. 소속사는 이날 팬 미팅 소식을 담은 포스터와 티저 영상을 공개했다. 포스터에는 '뉴진스와 버니즈(뉴진스 팬)의 우정은 영원하다'는 문구가 적혔다. 캠코더로 촬영한 듯한 복고 분위기가 풍기는 티저 영상에는 멤버들의 웃고 떠드는 모습이 담겼다. 광고 '버니즈 캠프'는 오프라인과 더불어 온라인으로도 동시에 진행된다. 봄여름가을겨울 미국 로스앤젤레스 공연 [봄여름가을겨울 제공. 재판매 및 DB 금지] ▲ 봄여름가을겨울, 미국 LA 콘서트 수익 기부 = 밴드 봄여름가을겨울이 12일(현지시간) 미국 로스앤젤레스 세리토스 퍼포밍 아트센터에서 데뷔 35주년 기념 콘서트를 연다. 봄여름가을겨울의 해외 공연은 약 10년 만으로, 공연 수익금은 미국 한인사회 기반 비영리단체 옥주재단에 전액 기부된다. 옥주재단은 이번 공연으로 모은 기금을 '뮤직 오브 호프'(Music of Hope)라는 이름으로 미주 한인 커뮤니티 발달장애 아동·청소년 교육 서비스와 장애인 돕기 등에 쓸 예정이다. 봄여름가을겨울은 지난 1986년 고(故) 김현식의 밴드로 결성 뒤 1988년 정규 1집으로 정식 데뷔했다. 봄여름가을겨울은 다음 달 기존에 발표한 약 20여장의 앨범을 고음질로 공개한다. tsl@yna.co.kr 관련기사 뉴진스, 스포티파이 누적 10억 스트리밍…K팝 최단기간 뉴진스 '하이프 보이', 스포티파이 3억 스트리밍 돌파 뉴진스·카카오 장윤중, '美 영향력 있는 아시아인 100인' 선정 뉴진스 'OMG' 스포티파이 3억 스트리밍…'디토' 이어 두 번째 제보는 카카오톡 okjebo <저작권자(c) 연합뉴스, 무단 전재-재배포 금지> 2023/05/12 11:20 송고;"['걸그룹' '결성' '경기장' '공개' '공연' '관련' '광고' '교육' '금지' '기간' '기금' '기념' '기반' '기부'
 '기사' '기자' '기존' '김현식' '누적' '뉴진스' '다음' '데뷔' '돌파' '돕기' '동시' '디토' '로스앤젤레스'
 '멤버' '모습' '무단' '문구' '뮤직' '미국' '미주' '미팅' '발달장애' '발표' '배포' '밴드' '버니' '보이'
 '복고' '봄여름가을겨울' '분위기' '비영리단체' '사회' '서비스' '서울' '선정' '세리토스' '센터' '소속사' '소식'
 '송파구' '수익' '수익금' '스트리밍' '스포티파이' '시간' '아동' '아시아' '아트' '앨범' '어도' '여장' '연다'
 '연합뉴스' '영상' '영향력' '예정' '오브' '오프라인' '온라인' '올림픽' '우정은' '음질' '이름' '이번' '이태수'
 '이프' '장애인' '장윤' '재단' '재판매' '저작권' '전액' '정규' '정식' '제공' '제보' '주년' '지난' '진행'
 '청소년' '촬영' '최단' '카카오' '캠코더' '캠프' '커뮤니티' '콘서트' '티저' '퍼포밍' '페이지' '포스터' '한인'
 '해외' '핸드볼' '현지' '호프']";['퍼포밍', '걸그룹', '데뷔', '서울', '김현식'];['로스앤젤레스', '배포', '앨범', '서울', '김현식'];['로스앤젤레스', '배포', '앨범', '서울', '김현식'];['김현식', '서울', '데뷔', '걸그룹', '로스앤젤레스'];['김현식', '비영리단체', '올림픽', '포스터', '저작권']
뉴진스 프로듀서 250, '뽕'으로 세종문화회관 선다 - 한겨레;https://news.google.com/rss/articles/CBMiNmh0dHBzOi8vd3d3LmhhbmkuY28ua3IvYXJ0aS9jdWx0dXJlL211c2ljLzEwOTA0MzUuaHRtbNIBAA?oc=5;2023-05-03 07:00:00;True;https://www.hani.co.kr/arti/culture/music/1090435.html;;;;;;;;
'방탄'조끼 위 '뉴진스' 입으니…아주 NICE - 머니투데이;https://news.google.com/rss/articles/CBMiN2h0dHBzOi8vbmV3cy5tdC5jby5rci9tdHZpZXcucGhwP25vPTIwMjMwNDIzMjIyNTIyNDAwNzXSAT1odHRwczovL20ubXQuY28ua3IvcmVuZXcvdmlld19hbXAuaHRtbD9ubz0yMDIzMDQyMzIyMjUyMjQwMDc1?oc=5;2023-04-24 07:00:00;True;https://news.mt.co.kr/mtview.php?no=2023042322252240075;;;;;;;;
뉴진스 '하니·다니엘'은 세금 어디에 낼까? - 택스워치;https://news.google.com/rss/articles/CBMiNWh0dHA6Ly93d3cudGF4d2F0Y2guY28ua3IvYXJ0aWNsZS90YXgvMjAyMy8wNC8xMS8wMDAy0gEA?oc=5;2023-04-13 07:00:00;True;https://www.taxwatch.co.kr:443/article/tax/2023/04/11/0002;;;;;;;;
올해 한대음 대상은 '뉴진스 아버지'다 - 하퍼스바자;https://news.google.com/rss/articles/CBMiKWh0dHBzOi8vaGFycGVyc2JhemFhci5jby5rci9hcnRpY2xlLzc2MzM30gEA?oc=5;2023-04-12 07:00:00;True;https://www.harpersbazaar.co.kr/article/76337;;;;;;;;
코카-콜라 제로 X 뉴진스, 컬래버레이션곡 'Zero' 오늘 공개 - 뉴스탭;https://news.google.com/rss/articles/CBMiOWh0dHA6Ly9tLm5ld3N0YXAuY28ua3IvbmV3cy9hcnRpY2xlVmlldy5odG1sP2lkeG5vPTE5MDA2ONIBAA?oc=5;2023-04-03 07:00:00;True;http://m.newstap.co.kr/news/articleView.html?idxno=190068;;;;;;;;
뉴진스, CM송도 뻔하지 않게…4월 3일 '제로' 발표 - 서울경제 - 서울경제신문;https://news.google.com/rss/articles/CBMiK2h0dHBzOi8vd3d3LnNlZGFpbHkuY29tL05ld3NWaWV3LzI5TjhOREszN0fSASxodHRwczovL20uc2VkYWlseS5jb20vTmV3c1ZpZXdBbXAvMjlOOE5ESzM3Rw?oc=5;2023-03-31 07:00:00;True;https://www.sedaily.com/NewsView/29N8NDK37G;;;;;;;;
"뉴진스 ""큰 사랑 예상 못 해... 감사한 마음 크다"" - 한국일보";https://news.google.com/rss/articles/CBMiOmh0dHBzOi8vd3d3Lmhhbmtvb2tpbGJvLmNvbS9OZXdzL1JlYWQvQTIwMjMwMzI5MTYxODAwMDMxMDLSAQA?oc=5;2023-03-29 07:00:00;True;https://www.hankookilbo.com/News/Read/A2023032916180003102;;;;;;;;
뉴진스 장기집권 누가 깰까…아이브∙르세라핌∙에스파 컴백 - 한겨레;https://news.google.com/rss/articles/CBMiNmh0dHBzOi8vd3d3LmhhbmkuY28ua3IvYXJ0aS9jdWx0dXJlL211c2ljLzEwODU0ODYuaHRtbNIBAA?oc=5;2023-03-28 07:00:00;True;https://www.hani.co.kr/arti/culture/music/1085486.html;;;;;;;;
월간중앙 - 중앙시사매거진;https://news.google.com/rss/articles/CBMiL2h0dHBzOi8vam1hZ2F6aW5lLmpvaW5zLmNvbS9tb250aGx5L3ZpZXcvMzM3NjEz0gEA?oc=5;2023-03-17 07:00:00;False;SSLError;;;;;;;;
[잇슈 연예] 걸그룹 뉴진스, 미 빌보드 신기록 달성 - KBS뉴스;https://news.google.com/rss/articles/CBMiL2h0dHBzOi8vbmV3cy5rYnMuY28ua3IvbmV3cy92aWV3LmRvP25jZD03NjI3NjU50gEA?oc=5;2023-03-16 07:00:00;True;https://news.kbs.co.kr/news/view.do?ncd=7627659;/resources/images/common/noimg_633_355.png;[잇슈 연예] 걸그룹 뉴진스, 미 빌보드 신기록 달성 입력 2023.03.16 (06:49) 수정 2023.03.16 (07:00) 뉴스광장 1부 댓글 좋아요 공유하기 인쇄하기 글씨 크게보기 가 글씨 작게보기 고화질 표준화질 자동재생 키보드 컨트롤 안내 동영상영역 시작 동영상 시작 동영상영역 끝 동영상 고정 취소 이전기사 다음기사 고화질 표준화질 자동재생 키보드 컨트롤 안내 동영상영역 시작 동영상 시작 동영상영역 끝 동영상설명 동영상 고정 취소 '잇슈 연예' 두 번째 소식은  걸그룹 뉴진스의 활약상입니다. 뉴진스의 데뷔곡 '하입 보이'가  미국 빌보드 '글로벌 이백(200)' 차트에 31주 연속으로 진입해  K팝 여성 가수 중 가장 오래 체류하는 신기록을 세웠습니다. 소속사에 따르면  지난해 8월 1일 공개된 '하입 보이'는 19일 만인 8월 20일 처음으로 빌보드 차트에 등장했고 가장 최근 발표된 14일자 차트에서도  101위를 차지하며 여전한 인기를 과시했습니다. 글로벌 200은 빌보드의 주요 차트 중 하나로 미국을 포함한 세계 200여 개 지역의 순위를 집계한 결관데요. 따라서 이번 기록은 뉴진스를 향한 세계적 관심이 얼마나 뜨겁고 꾸준한지를 보여준단 평갑니다. 한편 뉴진스에 앞서 해당 차트에 연속으로 가장 오래 머문 노래는  '블랙핑크'의 '하우 유 라이크 댓'으로 30주 만에 순위권 밖으로 나갔다가 한 차례 다시 진입한 바 있는데요. 비록 불연속 기록이지만 블랙핑크 역시 합계 34주라는 긴 시간을  차트에 머물렀던 만큼 뉴진스가 이를 넘어설 수 있을지 주목됩니다. [잇슈 연예] 걸그룹 뉴진스, 미 빌보드 신기록 달성 입력 2023-03-16 06:49:10 수정 2023-03-16 07:00:07 뉴스광장 1부 '잇슈 연예' 두 번째 소식은  걸그룹 뉴진스의 활약상입니다. 뉴진스의 데뷔곡 '하입 보이'가  미국 빌보드 '글로벌 이백(200)' 차트에 31주 연속으로 진입해  K팝 여성 가수 중 가장 오래 체류하는 신기록을 세웠습니다. 소속사에 따르면  지난해 8월 1일 공개된 '하입 보이'는 19일 만인 8월 20일 처음으로 빌보드 차트에 등장했고 가장 최근 발표된 14일자 차트에서도  101위를 차지하며 여전한 인기를 과시했습니다. 글로벌 200은 빌보드의 주요 차트 중 하나로 미국을 포함한 세계 200여 개 지역의 순위를 집계한 결관데요. 따라서 이번 기록은 뉴진스를 향한 세계적 관심이 얼마나 뜨겁고 꾸준한지를 보여준단 평갑니다. 한편 뉴진스에 앞서 해당 차트에 연속으로 가장 오래 머문 노래는  '블랙핑크'의 '하우 유 라이크 댓'으로 30주 만에 순위권 밖으로 나갔다가 한 차례 다시 진입한 바 있는데요. 비록 불연속 기록이지만 블랙핑크 역시 합계 34주라는 긴 시간을  차트에 머물렀던 만큼 뉴진스가 이를 넘어설 수 있을지 주목됩니다. ■ 제보하기 ▷ 카카오톡 : 'KBS제보' 검색, 채널 추가 ▷ 전화 : 02-781-1234, 4444 ▷ 이메일 : kbs1234@kbs.co.kr ▷ 유튜브, 네이버, 카카오에서도 KBS뉴스를 구독해주세요! 뉴스광장 1부 전체보기 기자 정보 KBS KBS의 기사 모음 댓글 좋아요 공유하기;"['가수' '가장' '걸그룹' '검색' '고정' '고화질' '공개' '공유' '과시' '관데' '관심' '광장' '구독' '글로벌'
 '글씨' '기록' '기사' '기자' '네이버' '노래' '뉴스' '뉴진스' '다시' '다음' '달성' '댓글' '데뷔' '동영상'
 '등장' '따라서' '라이' '만인' '만큼' '모음' '미국' '발표' '보기' '보드' '보이' '불연속' '블랙' '비록'
 '빌보드' '설명' '세계' '소속사' '소식' '수정' '순위' '시간' '시작' '신기록' '안내' '앞서' '얼마나' '여성'
 '역시' '연속' '연예' '영역' '유튜브' '이메일' '이백' '이번' '이전' '인기' '인쇄' '입력' '잇슈' '자동'
 '재생' '전체' '전화' '정보' '제보' '주목' '주요' '지난해' '지역' '진입' '집계' '차례' '차지' '차트'
 '채널' '처음' '체류' '최근' '추가' '취소' '카카오' '컨트롤' '크게' '포함' '표준' '핑크' '하나로' '한편'
 '합계' '해당' '화질' '활약']";['라이', '빌보드', '걸그룹', '데뷔', '네이버'];['연예', '구독', '라이', '빌보드', '네이버'];['연예', '구독', '라이', '빌보드', '네이버'];['네이버', '데뷔', '걸그룹', '빌보드', '연예'];['네이버', '동영상', '기자', '컨트롤', '인기']
앰버서더 콜렉터, 뉴진스가 모델인 브랜드 총정리 - 하퍼스바자;https://news.google.com/rss/articles/CBMiLWh0dHBzOi8vd3d3LmhhcnBlcnNiYXphYXIuY28ua3IvYXJ0aWNsZS83NTgwMdIBAA?oc=5;2023-03-14 07:00:00;True;https://www.harpersbazaar.co.kr/article/75801;;;;;;;;
뉴진스가 사랑한 로컬 브랜드 | Hypebeast.KR - HYPEBEAST;https://news.google.com/rss/articles/CBMiR2h0dHBzOi8vaHlwZWJlYXN0LmtyLzIwMjMvMy9uZXdqZWFucy1vdXRmaXQtZG9tZXN0aWMtZmFzaGlvbi1icmFuZC1saXN00gEA?oc=5;2023-03-04 08:00:00;True;https://hypebeast.kr/2023/3/newjeans-outfit-domestic-fashion-brand-list;;;;;;;;
뉴진스에는 광야 같은 세계관이 왜 없을까 - 한겨레21;https://news.google.com/rss/articles/CBMiP2h0dHBzOi8vaDIxLmhhbmkuY28ua3IvYXJ0aS9jdWx0dXJlL2N1bHR1cmVfZ2VuZXJhbC81MzMyMy5odG1sL9IBAA?oc=5;2023-02-03 08:00:00;True;https://h21.hani.co.kr/arti/culture/culture_general/53323.html;;;;;;;;
뉴진스 'OMG', 빌보드 핫100 79위…자체 신기록 - 한겨레;https://news.google.com/rss/articles/CBMiNmh0dHBzOi8vd3d3LmhhbmkuY28ua3IvYXJ0aS9jdWx0dXJlL211c2ljLzEwNzc4MTEuaHRtbNIBAA?oc=5;2023-02-01 08:00:00;True;https://www.hani.co.kr/arti/culture/music/1077811.html;;;;;;;;
뉴진스, 빌보드 '핫 100' 진입…데뷔 6개월 만에 K팝 최단 기록 - 한겨레;https://news.google.com/rss/articles/CBMiNmh0dHBzOi8vd3d3LmhhbmkuY28ua3IvYXJ0aS9jdWx0dXJlL211c2ljLzEwNzYxNjcuaHRtbNIBAA?oc=5;2023-01-18 08:00:00;True;https://www.hani.co.kr/arti/culture/music/1076167.html;;;;;;;;
뉴진스 “가자”는 악플러에게?…'OMG' 뮤비 논란 - 한겨레;https://news.google.com/rss/articles/CBMiNmh0dHBzOi8vd3d3LmhhbmkuY28ua3IvYXJ0aS9jdWx0dXJlL211c2ljLzEwNzQ2NjUuaHRtbNIBAA?oc=5;2023-01-06 08:00:00;True;https://www.hani.co.kr/arti/culture/music/1074665.html;;;;;;;;
'차트 점령' 뉴진스 '디토', 뮤비 속 왼팔 깁스에 담긴 메시지는? - 한겨레;https://news.google.com/rss/articles/CBMiNmh0dHBzOi8vd3d3LmhhbmkuY28ua3IvYXJ0aS9jdWx0dXJlL211c2ljLzEwNzMyNzEuaHRtbNIBAA?oc=5;2022-12-27 08:00:00;True;https://www.hani.co.kr/arti/culture/music/1073271.html;;;;;;;;
